Name	Alignment	Group
Human	ACATA-------AGCAACATCCTGACCAATTATCCAAACCA	human
Mouse	ACATA-A-TGACAGCAACATCCTGACCAATTATCCAAACCA	mouse
Cow	ACATA-AGTGACAGCAACATCCTGACCAATTACCGAAGCCA	na
Dolphin	ACATA-AGTGACAGCAACATCCTGACCAATTACCTAAGCCA	na
Horse	ACATA-AGTGACAGCAACATCCTGACCAATTACTCAAACCA	na
Megabat	ACATA-AGTGACAGCAACATCCTGACCAATTACCCAAACCA	na
Sloth	ACATA-AGTGGCAGCAACATCCTGACCAATTATCCAAACTA	na
Platypus	ACATG-AGCGACAGCAACATCCTGACCAATTATCCAAATTA	na
Chicken	ACATG-AGCGACAGCAACATCCTGACCAATTATCCAAATTA	na
Coelacanth	ACAGGTTACTTCAGCAACATCCTGAGCAATTAGTGAAATCA	na
Lizard	CTATG-TGCGACAGCAACATCCTGACCAATTATGCAAAGCA	na
Viper	ATGGA-AGTAATTTTAGAAC-----TGAGTTGTGCCATGCA	na
Python	ATGGA-AGTAATTTTGAAAC-----CCAATTGTGCAAAGCA	serpintized
Boa	ATGGA-AGTAATTTTACAAC-----CCAGTTGTGCAAAGCA	serpintized
Eryx	ATGGA-AGTAATTTTAGAACCCAATTGTGCAAAGC-ATCCA	na
Cobra	-----------------------------------------	na