,8mer,affinity,core-present
2048,AAAAAAAA,0.51,Ablation
0,AAATCAAA,0.69,Core
1,AAATCAAC,0.58,Core
2,AAATCAAG,0.59,Core
3,AAATCAAT,0.73,Core
4,AAATCACA,0.59,Core
5,AAATCACC,0.55,Core
6,AAATCACG,0.64,Core
7,AAATCACT,0.68,Core
8,AAATCAGA,0.52,Core
9,AAATCAGC,0.62,Core
10,AAATCAGG,0.5,Core
11,AAATCAGT,0.58,Core
12,AAATCATA,0.64,Core
13,AAATCATC,0.59,Core
14,AAATCATG,0.62,Core
15,AAATCATT,0.63,Core
16,AAATCTAA,0.49,Core
17,AAATCTAC,0.57,Core
18,AAATCTAG,0.5,Core
19,AAATCTAT,0.5,Core
20,AAATCTCA,0.57,Core
21,AAATCTCC,0.48,Core
22,AAATCTCG,0.52,Core
23,AAATCTCT,0.51,Core
24,AAATCTGA,0.58,Core
25,AAATCTGC,0.57,Core
26,AAATCTGG,0.51,Core
27,AAATCTGT,0.49,Core
28,AAATCTTA,0.5,Core
29,AAATCTTC,0.48,Core
30,AAATCTTG,0.48,Core
31,AAATCTTT,0.56,Core
32,AACTCAAA,0.61,Core
33,AACTCAAC,0.55,Core
34,AACTCAAG,0.51,Core
35,AACTCAAT,0.6,Core
36,AACTCACA,0.58,Core
37,AACTCACC,0.46,Core
38,AACTCACG,0.51,Core
39,AACTCACT,0.5,Core
40,AACTCAGA,0.51,Core
41,AACTCAGC,0.46,Core
42,AACTCAGG,0.46,Core
43,AACTCAGT,0.45,Core
44,AACTCATA,0.52,Core
45,AACTCATC,0.64,Core
46,AACTCATG,0.51,Core
47,AACTCATT,0.48,Core
48,AACTCTAA,0.54,Core
49,AACTCTAC,0.4,Core
50,AACTCTAG,0.43,Core
51,AACTCTAT,0.51,Core
52,AACTCTCA,0.49,Core
53,AACTCTCC,0.46,Core
54,AACTCTCG,0.43,Core
55,AACTCTCT,0.49,Core
56,AACTCTGA,0.51,Core
57,AACTCTGC,0.38,Core
58,AACTCTGG,0.48,Core
59,AACTCTGT,0.44,Core
60,AACTCTTA,0.53,Core
61,AACTCTTC,0.47,Core
62,AACTCTTG,0.49,Core
63,AACTCTTT,0.5,Core
64,AAGTCAAA,0.49,Core
65,AAGTCAAC,0.45,Core
66,AAGTCAAG,0.49,Core
67,AAGTCAAT,0.48,Core
68,AAGTCACA,0.47,Core
69,AAGTCACC,0.46,Core
70,AAGTCACG,0.42,Core
71,AAGTCACT,0.56,Core
72,AAGTCAGA,0.47,Core
73,AAGTCAGC,0.46,Core
74,AAGTCAGG,0.41,Core
75,AAGTCAGT,0.54,Core
76,AAGTCATA,0.54,Core
77,AAGTCATC,0.53,Core
78,AAGTCATG,0.52,Core
79,AAGTCATT,0.47,Core
80,AAGTCTAA,0.46,Core
81,AAGTCTAC,0.44,Core
82,AAGTCTAG,0.43,Core
83,AAGTCTAT,0.43,Core
84,AAGTCTCA,0.4,Core
85,AAGTCTCC,0.43,Core
86,AAGTCTCG,0.41,Core
87,AAGTCTCT,0.46,Core
88,AAGTCTGA,0.44,Core
89,AAGTCTGC,0.39,Core
90,AAGTCTGG,0.41,Core
91,AAGTCTGT,0.46,Core
92,AAGTCTTA,0.48,Core
93,AAGTCTTC,0.43,Core
94,AAGTCTTG,0.45,Core
95,AAGTCTTT,0.44,Core
96,AATTCAAA,0.57,Core
97,AATTCAAC,0.53,Core
98,AATTCAAG,0.5,Core
99,AATTCAAT,0.55,Core
100,AATTCACA,0.58,Core
101,AATTCACC,0.5,Core
102,AATTCACG,0.51,Core
103,AATTCACT,0.5,Core
104,AATTCAGA,0.55,Core
105,AATTCAGC,0.53,Core
106,AATTCAGG,0.51,Core
107,AATTCAGT,0.49,Core
108,AATTCATA,0.61,Core
109,AATTCATC,0.53,Core
110,AATTCATG,0.55,Core
111,AATTCATT,0.51,Core
112,AATTCTAA,0.51,Core
113,AATTCTAC,0.49,Core
114,AATTCTAG,0.51,Core
115,AATTCTAT,0.44,Core
116,AATTCTCA,0.52,Core
117,AATTCTCC,0.5,Core
118,AATTCTCG,0.48,Core
119,AATTCTCT,0.43,Core
120,AATTCTGA,0.56,Core
121,AATTCTGC,0.43,Core
122,AATTCTGG,0.46,Core
123,AATTCTGT,0.47,Core
124,AATTCTTA,0.42,Core
125,AATTCTTC,0.47,Core
126,AATTCTTG,0.49,Core
127,AATTCTTT,0.52,Core
128,ACATCAAA,0.83,Core
129,ACATCAAC,0.62,Core
130,ACATCAAG,0.62,Core
131,ACATCAAT,0.95,Core
132,ACATCACA,0.62,Core
133,ACATCACC,0.57,Core
134,ACATCACG,0.6,Core
135,ACATCACT,0.73,Core
136,ACATCAGA,0.64,Core
137,ACATCAGC,0.73,Core
138,ACATCAGG,0.51,Core
139,ACATCAGT,0.61,Core
140,ACATCATA,0.73,Core
141,ACATCATC,0.63,Core
142,ACATCATG,0.65,Core
143,ACATCATT,0.7,Core
144,ACATCTAA,0.62,Core
145,ACATCTAC,0.56,Core
146,ACATCTAG,0.5,Core
147,ACATCTAT,0.58,Core
148,ACATCTCA,0.69,Core
149,ACATCTCC,0.57,Core
150,ACATCTCG,0.58,Core
151,ACATCTCT,0.59,Core
152,ACATCTGA,0.53,Core
153,ACATCTGC,0.48,Core
154,ACATCTGG,0.48,Core
155,ACATCTGT,0.51,Core
156,ACATCTTA,0.56,Core
157,ACATCTTC,0.59,Core
158,ACATCTTG,0.56,Core
159,ACATCTTT,0.54,Core
160,ACCTCAAA,0.58,Core
161,ACCTCAAC,0.51,Core
162,ACCTCAAG,0.49,Core
163,ACCTCAAT,0.52,Core
164,ACCTCACA,0.45,Core
165,ACCTCACC,0.46,Core
166,ACCTCACG,0.5,Core
167,ACCTCACT,0.51,Core
168,ACCTCAGA,0.44,Core
169,ACCTCAGC,0.45,Core
170,ACCTCAGG,0.44,Core
171,ACCTCAGT,0.44,Core
172,ACCTCATA,0.52,Core
173,ACCTCATC,0.46,Core
174,ACCTCATG,0.42,Core
175,ACCTCATT,0.47,Core
176,ACCTCTAA,0.49,Core
177,ACCTCTAC,0.45,Core
178,ACCTCTAG,0.39,Core
179,ACCTCTAT,0.42,Core
180,ACCTCTCA,0.52,Core
181,ACCTCTCC,0.45,Core
182,ACCTCTCG,0.43,Core
183,ACCTCTCT,0.43,Core
184,ACCTCTGA,0.43,Core
185,ACCTCTGC,0.44,Core
186,ACCTCTGG,0.35,Core
187,ACCTCTGT,0.45,Core
188,ACCTCTTA,0.46,Core
189,ACCTCTTC,0.48,Core
190,ACCTCTTG,0.41,Core
191,ACCTCTTT,0.48,Core
192,ACGTCAAA,0.66,Core
193,ACGTCAAC,0.7,Core
194,ACGTCAAG,0.61,Core
195,ACGTCAAT,0.64,Core
196,ACGTCACA,0.59,Core
197,ACGTCACC,0.58,Core
198,ACGTCACG,0.59,Core
199,ACGTCACT,0.61,Core
200,ACGTCAGA,0.55,Core
201,ACGTCAGC,0.56,Core
202,ACGTCAGG,0.52,Core
203,ACGTCAGT,0.61,Core
204,ACGTCATA,0.7,Core
205,ACGTCATC,0.65,Core
206,ACGTCATG,0.65,Core
207,ACGTCATT,0.62,Core
208,ACGTCTAA,0.59,Core
209,ACGTCTAC,0.51,Core
210,ACGTCTAG,0.51,Core
211,ACGTCTAT,0.53,Core
212,ACGTCTCA,0.62,Core
213,ACGTCTCC,0.5,Core
214,ACGTCTCG,0.5,Core
215,ACGTCTCT,0.51,Core
216,ACGTCTGA,0.51,Core
217,ACGTCTGC,0.46,Core
218,ACGTCTGG,0.53,Core
219,ACGTCTGT,0.49,Core
220,ACGTCTTA,0.53,Core
221,ACGTCTTC,0.49,Core
222,ACGTCTTG,0.47,Core
223,ACGTCTTT,0.6,Core
224,ACTTCAAA,0.59,Core
225,ACTTCAAC,0.57,Core
226,ACTTCAAG,0.51,Core
227,ACTTCAAT,0.56,Core
228,ACTTCACA,0.52,Core
229,ACTTCACC,0.5,Core
230,ACTTCACG,0.44,Core
231,ACTTCACT,0.53,Core
232,ACTTCAGA,0.51,Core
233,ACTTCAGC,0.44,Core
234,ACTTCAGG,0.5,Core
235,ACTTCAGT,0.47,Core
236,ACTTCATA,0.51,Core
237,ACTTCATC,0.51,Core
238,ACTTCATG,0.43,Core
239,ACTTCATT,0.5,Core
240,ACTTCTAA,0.42,Core
241,ACTTCTAC,0.47,Core
242,ACTTCTAG,0.38,Core
243,ACTTCTAT,0.53,Core
244,ACTTCTCA,0.63,Core
245,ACTTCTCC,0.46,Core
246,ACTTCTCG,0.52,Core
247,ACTTCTCT,0.52,Core
248,ACTTCTGA,0.53,Core
249,ACTTCTGC,0.43,Core
250,ACTTCTGG,0.44,Core
251,ACTTCTGT,0.42,Core
252,ACTTCTTA,0.49,Core
253,ACTTCTTC,0.46,Core
254,ACTTCTTG,0.43,Core
255,ACTTCTTT,0.47,Core
256,AGATCAAA,0.52,Core
257,AGATCAAC,0.54,Core
258,AGATCAAG,0.47,Core
259,AGATCAAT,0.72,Core
260,AGATCACA,0.46,Core
261,AGATCACC,0.49,Core
262,AGATCACG,0.5,Core
263,AGATCACT,0.53,Core
264,AGATCAGA,0.52,Core
265,AGATCAGC,0.46,Core
266,AGATCAGG,0.52,Core
267,AGATCAGT,0.61,Core
268,AGATCATA,0.56,Core
269,AGATCATC,0.56,Core
270,AGATCATG,0.51,Core
271,AGATCATT,0.56,Core
272,AGATCTAA,0.49,Core
273,AGATCTAC,0.47,Core
274,AGATCTAG,0.44,Core
275,AGATCTAT,0.49,Core
276,AGATCTCA,0.52,Core
277,AGATCTCC,0.49,Core
278,AGATCTCG,0.49,Core
279,AGATCTCT,0.5,Core
280,AGATCTGA,0.49,Core
281,AGATCTGC,0.51,Core
282,AGATCTGG,0.47,Core
283,AGATCTGT,0.46,Core
284,AGATCTTA,0.49,Core
285,AGATCTTC,0.46,Core
286,AGATCTTG,0.49,Core
287,AGATCTTT,0.49,Core
288,AGCTCAAA,0.53,Core
289,AGCTCAAC,0.42,Core
290,AGCTCAAG,0.39,Core
291,AGCTCAAT,0.48,Core
292,AGCTCACA,0.45,Core
293,AGCTCACC,0.41,Core
294,AGCTCACG,0.43,Core
295,AGCTCACT,0.42,Core
296,AGCTCAGA,0.43,Core
297,AGCTCAGC,0.4,Core
298,AGCTCAGG,0.4,Core
299,AGCTCAGT,0.41,Core
300,AGCTCATA,0.5,Core
301,AGCTCATC,0.53,Core
302,AGCTCATG,0.46,Core
303,AGCTCATT,0.5,Core
304,AGCTCTAA,0.44,Core
305,AGCTCTAC,0.43,Core
306,AGCTCTAG,0.36,Core
307,AGCTCTAT,0.36,Core
308,AGCTCTCA,0.47,Core
309,AGCTCTCC,0.38,Core
310,AGCTCTCG,0.4,Core
311,AGCTCTCT,0.43,Core
312,AGCTCTGA,0.41,Core
313,AGCTCTGC,0.35,Core
314,AGCTCTGG,0.4,Core
315,AGCTCTGT,0.39,Core
316,AGCTCTTA,0.38,Core
317,AGCTCTTC,0.45,Core
318,AGCTCTTG,0.43,Core
319,AGCTCTTT,0.43,Core
320,AGGTCAAA,0.53,Core
321,AGGTCAAC,0.44,Core
322,AGGTCAAG,0.45,Core
323,AGGTCAAT,0.5,Core
324,AGGTCACA,0.48,Core
325,AGGTCACC,0.41,Core
326,AGGTCACG,0.43,Core
327,AGGTCACT,0.5,Core
328,AGGTCAGA,0.38,Core
329,AGGTCAGC,0.41,Core
330,AGGTCAGG,0.39,Core
331,AGGTCAGT,0.46,Core
332,AGGTCATA,0.43,Core
333,AGGTCATC,0.49,Core
334,AGGTCATG,0.53,Core
335,AGGTCATT,0.55,Core
336,AGGTCTAA,0.48,Core
337,AGGTCTAC,0.47,Core
338,AGGTCTAG,0.41,Core
339,AGGTCTAT,0.47,Core
340,AGGTCTCA,0.49,Core
341,AGGTCTCC,0.43,Core
342,AGGTCTCG,0.4,Core
343,AGGTCTCT,0.46,Core
344,AGGTCTGA,0.45,Core
345,AGGTCTGC,0.43,Core
346,AGGTCTGG,0.37,Core
347,AGGTCTGT,0.46,Core
348,AGGTCTTA,0.48,Core
349,AGGTCTTC,0.43,Core
350,AGGTCTTG,0.38,Core
351,AGGTCTTT,0.46,Core
352,AGTTCAAA,0.46,Core
353,AGTTCAAC,0.42,Core
354,AGTTCAAG,0.45,Core
355,AGTTCAAT,0.48,Core
356,AGTTCACA,0.46,Core
357,AGTTCACC,0.44,Core
358,AGTTCACG,0.41,Core
359,AGTTCACT,0.44,Core
360,AGTTCAGA,0.46,Core
361,AGTTCAGC,0.42,Core
362,AGTTCAGG,0.42,Core
363,AGTTCAGT,0.44,Core
364,AGTTCATA,0.54,Core
365,AGTTCATC,0.5,Core
366,AGTTCATG,0.46,Core
367,AGTTCATT,0.47,Core
368,AGTTCTAA,0.47,Core
369,AGTTCTAC,0.45,Core
370,AGTTCTAG,0.45,Core
371,AGTTCTAT,0.48,Core
372,AGTTCTCA,0.51,Core
373,AGTTCTCC,0.42,Core
374,AGTTCTCG,0.45,Core
375,AGTTCTCT,0.43,Core
376,AGTTCTGA,0.53,Core
377,AGTTCTGC,0.37,Core
378,AGTTCTGG,0.45,Core
379,AGTTCTGT,0.5,Core
380,AGTTCTTA,0.49,Core
381,AGTTCTTC,0.44,Core
382,AGTTCTTG,0.43,Core
383,AGTTCTTT,0.49,Core
384,ATATCAAA,0.69,Core
385,ATATCAAC,0.62,Core
386,ATATCAAG,0.67,Core
387,ATATCAAT,0.72,Core
388,ATATCACA,0.59,Core
389,ATATCACC,0.58,Core
390,ATATCACG,0.56,Core
391,ATATCACT,0.6,Core
392,ATATCAGA,0.66,Core
393,ATATCAGC,0.51,Core
394,ATATCAGG,0.56,Core
395,ATATCAGT,0.57,Core
396,ATATCATA,0.65,Core
397,ATATCATC,0.64,Core
398,ATATCATG,0.69,Core
399,ATATCATT,0.69,Core
400,ATATCTAA,0.57,Core
401,ATATCTAC,0.54,Core
402,ATATCTAG,0.55,Core
403,ATATCTAT,0.58,Core
404,ATATCTCA,0.61,Core
405,ATATCTCC,0.52,Core
406,ATATCTCG,0.52,Core
407,ATATCTCT,0.58,Core
408,ATATCTGA,0.6,Core
409,ATATCTGC,0.49,Core
410,ATATCTGG,0.47,Core
411,ATATCTGT,0.52,Core
412,ATATCTTA,0.56,Core
413,ATATCTTC,0.61,Core
414,ATATCTTG,0.53,Core
415,ATATCTTT,0.57,Core
416,ATCTCAAA,0.7,Core
417,ATCTCAAC,0.59,Core
418,ATCTCAAG,0.61,Core
419,ATCTCAAT,0.67,Core
420,ATCTCACA,0.52,Core
421,ATCTCACC,0.55,Core
422,ATCTCACG,0.48,Core
423,ATCTCACT,0.55,Core
424,ATCTCAGA,0.51,Core
425,ATCTCAGC,0.46,Core
426,ATCTCAGG,0.54,Core
427,ATCTCAGT,0.51,Core
428,ATCTCATA,0.58,Core
429,ATCTCATC,0.66,Core
430,ATCTCATG,0.57,Core
431,ATCTCATT,0.58,Core
432,ATCTCTAA,0.53,Core
433,ATCTCTAC,0.54,Core
434,ATCTCTAG,0.44,Core
435,ATCTCTAT,0.53,Core
436,ATCTCTCA,0.56,Core
437,ATCTCTCC,0.52,Core
438,ATCTCTCG,0.48,Core
439,ATCTCTCT,0.54,Core
440,ATCTCTGA,0.51,Core
441,ATCTCTGC,0.5,Core
442,ATCTCTGG,0.48,Core
443,ATCTCTGT,0.61,Core
444,ATCTCTTA,0.52,Core
445,ATCTCTTC,0.57,Core
446,ATCTCTTG,0.52,Core
447,ATCTCTTT,0.5,Core
448,ATGTCAAA,0.63,Core
449,ATGTCAAC,0.71,Core
450,ATGTCAAG,0.64,Core
451,ATGTCAAT,0.69,Core
452,ATGTCACA,0.63,Core
453,ATGTCACC,0.73,Core
454,ATGTCACG,0.61,Core
455,ATGTCACT,0.68,Core
456,ATGTCAGA,0.61,Core
457,ATGTCAGC,0.68,Core
458,ATGTCAGG,0.57,Core
459,ATGTCAGT,0.61,Core
460,ATGTCATA,0.68,Core
461,ATGTCATC,0.79,Core
462,ATGTCATG,0.67,Core
463,ATGTCATT,0.66,Core
464,ATGTCTAA,0.6,Core
465,ATGTCTAC,0.53,Core
466,ATGTCTAG,0.51,Core
467,ATGTCTAT,0.59,Core
468,ATGTCTCA,0.67,Core
469,ATGTCTCC,0.49,Core
470,ATGTCTCG,0.54,Core
471,ATGTCTCT,0.53,Core
472,ATGTCTGA,0.59,Core
473,ATGTCTGC,0.54,Core
474,ATGTCTGG,0.55,Core
475,ATGTCTGT,0.51,Core
476,ATGTCTTA,0.56,Core
477,ATGTCTTC,0.56,Core
478,ATGTCTTG,0.53,Core
479,ATGTCTTT,0.48,Core
480,ATTTCAAA,0.61,Core
481,ATTTCAAC,0.56,Core
482,ATTTCAAG,0.55,Core
483,ATTTCAAT,0.75,Core
484,ATTTCACA,0.61,Core
485,ATTTCACC,0.58,Core
486,ATTTCACG,0.53,Core
487,ATTTCACT,0.54,Core
488,ATTTCAGA,0.54,Core
489,ATTTCAGC,0.5,Core
490,ATTTCAGG,0.49,Core
491,ATTTCAGT,0.57,Core
492,ATTTCATA,0.59,Core
493,ATTTCATC,0.58,Core
494,ATTTCATG,0.49,Core
495,ATTTCATT,0.65,Core
496,ATTTCTAA,0.52,Core
497,ATTTCTAC,0.52,Core
498,ATTTCTAG,0.51,Core
499,ATTTCTAT,0.52,Core
500,ATTTCTCA,0.55,Core
501,ATTTCTCC,0.47,Core
502,ATTTCTCG,0.53,Core
503,ATTTCTCT,0.54,Core
504,ATTTCTGA,0.6,Core
505,ATTTCTGC,0.52,Core
506,ATTTCTGG,0.54,Core
507,ATTTCTGT,0.54,Core
508,ATTTCTTA,0.56,Core
509,ATTTCTTC,0.59,Core
510,ATTTCTTG,0.5,Core
511,ATTTCTTT,0.6,Core
512,CAATCAAA,0.83,Core
513,CAATCAAC,0.73,Core
514,CAATCAAG,0.66,Core
515,CAATCAAT,0.84,Core
516,CAATCACA,0.65,Core
517,CAATCACC,0.64,Core
518,CAATCACG,0.57,Core
519,CAATCACT,0.63,Core
520,CAATCAGA,0.55,Core
521,CAATCAGC,0.58,Core
522,CAATCAGG,0.56,Core
523,CAATCAGT,0.58,Core
524,CAATCATA,0.72,Core
525,CAATCATC,0.72,Core
526,CAATCATG,0.61,Core
527,CAATCATT,0.76,Core
528,CAATCTAA,0.6,Core
529,CAATCTAC,0.47,Core
530,CAATCTAG,0.55,Core
531,CAATCTAT,0.62,Core
532,CAATCTCA,0.66,Core
533,CAATCTCC,0.47,Core
534,CAATCTCG,0.43,Core
535,CAATCTCT,0.51,Core
536,CAATCTGA,0.58,Core
537,CAATCTGC,0.47,Core
538,CAATCTGG,0.42,Core
539,CAATCTGT,0.59,Core
540,CAATCTTA,0.51,Core
541,CAATCTTC,0.58,Core
542,CAATCTTG,0.58,Core
543,CAATCTTT,0.57,Core
544,CACTCAAA,0.7,Core
545,CACTCAAC,0.63,Core
546,CACTCAAG,0.58,Core
547,CACTCAAT,0.57,Core
548,CACTCACA,0.49,Core
549,CACTCACC,0.45,Core
550,CACTCACG,0.55,Core
551,CACTCACT,0.5,Core
552,CACTCAGA,0.56,Core
553,CACTCAGC,0.44,Core
554,CACTCAGG,0.41,Core
555,CACTCAGT,0.55,Core
556,CACTCATA,0.57,Core
557,CACTCATC,0.6,Core
558,CACTCATG,0.5,Core
559,CACTCATT,0.56,Core
560,CACTCTAA,0.52,Core
561,CACTCTAC,0.54,Core
562,CACTCTAG,0.51,Core
563,CACTCTAT,0.47,Core
564,CACTCTCA,0.46,Core
565,CACTCTCC,0.45,Core
566,CACTCTCG,0.51,Core
567,CACTCTCT,0.43,Core
568,CACTCTGA,0.46,Core
569,CACTCTGC,0.47,Core
570,CACTCTGG,0.45,Core
571,CACTCTGT,0.45,Core
572,CACTCTTA,0.48,Core
573,CACTCTTC,0.54,Core
574,CACTCTTG,0.49,Core
575,CACTCTTT,0.47,Core
576,CAGTCAAA,0.53,Core
577,CAGTCAAC,0.42,Core
578,CAGTCAAG,0.51,Core
579,CAGTCAAT,0.59,Core
580,CAGTCACA,0.4,Core
581,CAGTCACC,0.45,Core
582,CAGTCACG,0.4,Core
583,CAGTCACT,0.42,Core
584,CAGTCAGA,0.54,Core
585,CAGTCAGC,0.49,Core
586,CAGTCAGG,0.39,Core
587,CAGTCAGT,0.42,Core
588,CAGTCATA,0.48,Core
589,CAGTCATC,0.44,Core
590,CAGTCATG,0.48,Core
591,CAGTCATT,0.62,Core
592,CAGTCTAA,0.43,Core
593,CAGTCTAC,0.36,Core
594,CAGTCTAG,0.42,Core
595,CAGTCTAT,0.44,Core
596,CAGTCTCA,0.48,Core
597,CAGTCTCC,0.39,Core
598,CAGTCTCG,0.37,Core
599,CAGTCTCT,0.43,Core
600,CAGTCTGA,0.5,Core
601,CAGTCTGC,0.34,Core
602,CAGTCTGG,0.4,Core
603,CAGTCTGT,0.42,Core
604,CAGTCTTA,0.51,Core
605,CAGTCTTC,0.45,Core
606,CAGTCTTG,0.46,Core
607,CAGTCTTT,0.4,Core
608,CATTCAAA,0.61,Core
609,CATTCAAC,0.53,Core
610,CATTCAAG,0.48,Core
611,CATTCAAT,0.58,Core
612,CATTCACA,0.5,Core
613,CATTCACC,0.51,Core
614,CATTCACG,0.47,Core
615,CATTCACT,0.51,Core
616,CATTCAGA,0.63,Core
617,CATTCAGC,0.43,Core
618,CATTCAGG,0.52,Core
619,CATTCAGT,0.51,Core
620,CATTCATA,0.55,Core
621,CATTCATC,0.59,Core
622,CATTCATG,0.52,Core
623,CATTCATT,0.67,Core
624,CATTCTAA,0.49,Core
625,CATTCTAC,0.49,Core
626,CATTCTAG,0.47,Core
627,CATTCTAT,0.53,Core
628,CATTCTCA,0.62,Core
629,CATTCTCC,0.46,Core
630,CATTCTCG,0.46,Core
631,CATTCTCT,0.51,Core
632,CATTCTGA,0.53,Core
633,CATTCTGC,0.47,Core
634,CATTCTGG,0.45,Core
635,CATTCTGT,0.49,Core
636,CATTCTTA,0.5,Core
637,CATTCTTC,0.46,Core
638,CATTCTTG,0.41,Core
639,CATTCTTT,0.55,Core
640,CCATCAAA,0.82,Core
641,CCATCAAC,0.69,Core
642,CCATCAAG,0.73,Core
643,CCATCAAT,0.85,Core
644,CCATCACA,0.66,Core
645,CCATCACC,0.65,Core
646,CCATCACG,0.58,Core
647,CCATCACT,0.71,Core
648,CCATCAGA,0.61,Core
649,CCATCAGC,0.54,Core
650,CCATCAGG,0.51,Core
651,CCATCAGT,0.61,Core
652,CCATCATA,0.59,Core
653,CCATCATC,0.67,Core
654,CCATCATG,0.61,Core
655,CCATCATT,0.76,Core
656,CCATCTAA,0.6,Core
657,CCATCTAC,0.48,Core
658,CCATCTAG,0.49,Core
659,CCATCTAT,0.56,Core
660,CCATCTCA,0.51,Core
661,CCATCTCC,0.52,Core
662,CCATCTCG,0.47,Core
663,CCATCTCT,0.6,Core
664,CCATCTGA,0.59,Core
665,CCATCTGC,0.51,Core
666,CCATCTGG,0.45,Core
667,CCATCTGT,0.49,Core
668,CCATCTTA,0.58,Core
669,CCATCTTC,0.54,Core
670,CCATCTTG,0.54,Core
671,CCATCTTT,0.5,Core
2049,CCCCCCCC,0.29,Ablation
2050,CCCCCCCG,0.36,Ablation
2051,CCCCCCGC,0.42,Ablation
2052,CCCCCCGG,0.38,Ablation
2053,CCCCCGCC,0.43,Ablation
2054,CCCCCGCG,0.36,Ablation
2055,CCCCCGGC,0.38,Ablation
2056,CCCCCGGG,0.4,Ablation
2057,CCCCGCCC,0.43,Ablation
2058,CCCCGCCG,0.4,Ablation
2059,CCCCGCGC,0.38,Ablation
2060,CCCCGCGG,0.35,Ablation
2061,CCCCGGCC,0.32,Ablation
2062,CCCCGGCG,0.39,Ablation
2063,CCCCGGGC,0.37,Ablation
2064,CCCCGGGG,0.38,Ablation
2065,CCCGCCCC,0.36,Ablation
2066,CCCGCCCG,0.4,Ablation
2067,CCCGCCGC,0.36,Ablation
2068,CCCGCCGG,0.41,Ablation
2069,CCCGCGCC,0.43,Ablation
2070,CCCGCGCG,0.34,Ablation
2071,CCCGCGGC,0.39,Ablation
2072,CCCGCGGG,0.34,Ablation
2073,CCCGGCCC,0.35,Ablation
2074,CCCGGCCG,0.32,Ablation
2075,CCCGGCGC,0.34,Ablation
2076,CCCGGCGG,0.41,Ablation
2077,CCCGGGCC,0.34,Ablation
2078,CCCGGGCG,0.35,Ablation
2079,CCCGGGGC,0.36,Ablation
2080,CCCGGGGG,0.4,Ablation
672,CCCTCAAA,0.54,Core
673,CCCTCAAC,0.46,Core
674,CCCTCAAG,0.46,Core
675,CCCTCAAT,0.51,Core
676,CCCTCACA,0.56,Core
677,CCCTCACC,0.42,Core
678,CCCTCACG,0.48,Core
679,CCCTCACT,0.51,Core
680,CCCTCAGA,0.41,Core
681,CCCTCAGC,0.41,Core
682,CCCTCAGG,0.42,Core
683,CCCTCAGT,0.45,Core
684,CCCTCATA,0.45,Core
685,CCCTCATC,0.54,Core
686,CCCTCATG,0.45,Core
687,CCCTCATT,0.46,Core
688,CCCTCTAA,0.47,Core
689,CCCTCTAC,0.41,Core
690,CCCTCTAG,0.43,Core
691,CCCTCTAT,0.5,Core
692,CCCTCTCA,0.42,Core
693,CCCTCTCC,0.37,Core
694,CCCTCTCG,0.37,Core
695,CCCTCTCT,0.45,Core
696,CCCTCTGA,0.47,Core
697,CCCTCTGC,0.35,Core
698,CCCTCTGG,0.38,Core
699,CCCTCTGT,0.43,Core
700,CCCTCTTA,0.47,Core
701,CCCTCTTC,0.38,Core
702,CCCTCTTG,0.41,Core
703,CCCTCTTT,0.45,Core
2081,CCGCCCCC,0.39,Ablation
2082,CCGCCCCG,0.41,Ablation
2083,CCGCCCGC,0.43,Ablation
2084,CCGCCCGG,0.39,Ablation
2085,CCGCCGCC,0.36,Ablation
2086,CCGCCGCG,0.36,Ablation
2087,CCGCCGGC,0.33,Ablation
2088,CCGCCGGG,0.41,Ablation
2089,CCGCGCCC,0.41,Ablation
2090,CCGCGCCG,0.37,Ablation
2091,CCGCGCGC,0.37,Ablation
2092,CCGCGCGG,0.4,Ablation
2093,CCGCGGCC,0.36,Ablation
2094,CCGCGGCG,0.36,Ablation
2095,CCGCGGGC,0.37,Ablation
2096,CCGCGGGG,0.35,Ablation
2097,CCGGCCCC,0.34,Ablation
2098,CCGGCCCG,0.36,Ablation
2099,CCGGCCGC,0.34,Ablation
2100,CCGGCCGG,0.3,Ablation
2101,CCGGCGCC,0.33,Ablation
2102,CCGGCGCG,0.36,Ablation
2103,CCGGCGGC,0.34,Ablation
2104,CCGGCGGG,0.41,Ablation
2105,CCGGGCCC,0.44,Ablation
2106,CCGGGCCG,0.37,Ablation
2107,CCGGGCGC,0.39,Ablation
2108,CCGGGCGG,0.39,Ablation
2109,CCGGGGCC,0.41,Ablation
2110,CCGGGGCG,0.34,Ablation
2111,CCGGGGGC,0.34,Ablation
2112,CCGGGGGG,0.38,Ablation
704,CCGTCAAA,0.84,Core
705,CCGTCAAC,0.77,Core
706,CCGTCAAG,0.63,Core
707,CCGTCAAT,0.72,Core
708,CCGTCACA,0.55,Core
709,CCGTCACC,0.53,Core
710,CCGTCACG,0.59,Core
711,CCGTCACT,0.6,Core
712,CCGTCAGA,0.51,Core
713,CCGTCAGC,0.47,Core
714,CCGTCAGG,0.47,Core
715,CCGTCAGT,0.59,Core
716,CCGTCATA,0.66,Core
717,CCGTCATC,0.63,Core
718,CCGTCATG,0.58,Core
719,CCGTCATT,0.71,Core
720,CCGTCTAA,0.47,Core
721,CCGTCTAC,0.51,Core
722,CCGTCTAG,0.44,Core
723,CCGTCTAT,0.52,Core
724,CCGTCTCA,0.44,Core
725,CCGTCTCC,0.45,Core
726,CCGTCTCG,0.45,Core
727,CCGTCTCT,0.56,Core
728,CCGTCTGA,0.46,Core
729,CCGTCTGC,0.48,Core
730,CCGTCTGG,0.37,Core
731,CCGTCTGT,0.46,Core
732,CCGTCTTA,0.54,Core
733,CCGTCTTC,0.48,Core
734,CCGTCTTG,0.48,Core
735,CCGTCTTT,0.58,Core
736,CCTTCAAA,0.62,Core
737,CCTTCAAC,0.53,Core
738,CCTTCAAG,0.48,Core
739,CCTTCAAT,0.56,Core
740,CCTTCACA,0.54,Core
741,CCTTCACC,0.49,Core
742,CCTTCACG,0.46,Core
743,CCTTCACT,0.56,Core
744,CCTTCAGA,0.54,Core
745,CCTTCAGC,0.38,Core
746,CCTTCAGG,0.45,Core
747,CCTTCAGT,0.46,Core
748,CCTTCATA,0.48,Core
749,CCTTCATC,0.54,Core
750,CCTTCATG,0.5,Core
751,CCTTCATT,0.52,Core
752,CCTTCTAA,0.5,Core
753,CCTTCTAC,0.48,Core
754,CCTTCTAG,0.44,Core
755,CCTTCTAT,0.45,Core
756,CCTTCTCA,0.54,Core
757,CCTTCTCC,0.47,Core
758,CCTTCTCG,0.43,Core
759,CCTTCTCT,0.41,Core
760,CCTTCTGA,0.49,Core
761,CCTTCTGC,0.4,Core
762,CCTTCTGG,0.43,Core
763,CCTTCTGT,0.41,Core
764,CCTTCTTA,0.43,Core
765,CCTTCTTC,0.42,Core
766,CCTTCTTG,0.52,Core
767,CCTTCTTT,0.49,Core
768,CGATCAAA,0.66,Core
769,CGATCAAC,0.56,Core
770,CGATCAAG,0.51,Core
771,CGATCAAT,0.68,Core
772,CGATCACA,0.63,Core
773,CGATCACC,0.53,Core
774,CGATCACG,0.6,Core
775,CGATCACT,0.58,Core
776,CGATCAGA,0.54,Core
777,CGATCAGC,0.46,Core
778,CGATCAGG,0.51,Core
779,CGATCAGT,0.6,Core
780,CGATCATA,0.52,Core
781,CGATCATC,0.66,Core
782,CGATCATG,0.53,Core
783,CGATCATT,0.64,Core
784,CGATCTAA,0.5,Core
785,CGATCTAC,0.51,Core
786,CGATCTAG,0.5,Core
787,CGATCTAT,0.49,Core
788,CGATCTCA,0.52,Core
789,CGATCTCC,0.44,Core
790,CGATCTCG,0.47,Core
791,CGATCTCT,0.47,Core
792,CGATCTGA,0.48,Core
793,CGATCTGC,0.44,Core
794,CGATCTGG,0.45,Core
795,CGATCTGT,0.48,Core
796,CGATCTTA,0.46,Core
797,CGATCTTC,0.47,Core
798,CGATCTTG,0.44,Core
799,CGATCTTT,0.5,Core
2113,CGCCCCCC,0.38,Ablation
2114,CGCCCCCG,0.37,Ablation
2115,CGCCCCGC,0.38,Ablation
2116,CGCCCCGG,0.34,Ablation
2117,CGCCCGCC,0.37,Ablation
2118,CGCCCGCG,0.41,Ablation
2119,CGCCCGGC,0.39,Ablation
2120,CGCCCGGG,0.35,Ablation
2121,CGCCGCCC,0.36,Ablation
2122,CGCCGCCG,0.4,Ablation
2123,CGCCGCGC,0.37,Ablation
2124,CGCCGCGG,0.36,Ablation
2125,CGCCGGCC,0.32,Ablation
2126,CGCCGGCG,0.36,Ablation
2127,CGCCGGGC,0.38,Ablation
2128,CGCCGGGG,0.39,Ablation
2129,CGCGCCCC,0.39,Ablation
2130,CGCGCCCG,0.34,Ablation
2131,CGCGCCGC,0.4,Ablation
2132,CGCGCCGG,0.36,Ablation
2133,CGCGCGCC,0.37,Ablation
2134,CGCGCGCG,0.34,Ablation
2135,CGCGCGGC,0.45,Ablation
2136,CGCGCGGG,0.34,Ablation
2137,CGCGGCCC,0.36,Ablation
2138,CGCGGCCG,0.31,Ablation
2139,CGCGGCGC,0.4,Ablation
2140,CGCGGCGG,0.36,Ablation
2141,CGCGGGCC,0.34,Ablation
2142,CGCGGGCG,0.41,Ablation
2143,CGCGGGGC,0.37,Ablation
2144,CGCGGGGG,0.36,Ablation
800,CGCTCAAA,0.48,Core
801,CGCTCAAC,0.44,Core
802,CGCTCAAG,0.44,Core
803,CGCTCAAT,0.51,Core
804,CGCTCACA,0.44,Core
805,CGCTCACC,0.43,Core
806,CGCTCACG,0.38,Core
807,CGCTCACT,0.48,Core
808,CGCTCAGA,0.43,Core
809,CGCTCAGC,0.38,Core
810,CGCTCAGG,0.39,Core
811,CGCTCAGT,0.48,Core
812,CGCTCATA,0.52,Core
813,CGCTCATC,0.52,Core
814,CGCTCATG,0.47,Core
815,CGCTCATT,0.54,Core
816,CGCTCTAA,0.44,Core
817,CGCTCTAC,0.47,Core
818,CGCTCTAG,0.39,Core
819,CGCTCTAT,0.45,Core
820,CGCTCTCA,0.41,Core
821,CGCTCTCC,0.35,Core
822,CGCTCTCG,0.36,Core
823,CGCTCTCT,0.36,Core
824,CGCTCTGA,0.46,Core
825,CGCTCTGC,0.47,Core
826,CGCTCTGG,0.39,Core
827,CGCTCTGT,0.44,Core
828,CGCTCTTA,0.45,Core
829,CGCTCTTC,0.45,Core
830,CGCTCTTG,0.42,Core
831,CGCTCTTT,0.44,Core
2145,CGGCCCCC,0.37,Ablation
2146,CGGCCCCG,0.39,Ablation
2147,CGGCCCGC,0.32,Ablation
2148,CGGCCCGG,0.37,Ablation
2149,CGGCCGCC,0.29,Ablation
2150,CGGCCGCG,0.31,Ablation
2151,CGGCCGGC,0.36,Ablation
2152,CGGCCGGG,0.32,Ablation
2153,CGGCGCCC,0.34,Ablation
2154,CGGCGCCG,0.35,Ablation
2155,CGGCGCGC,0.39,Ablation
2156,CGGCGCGG,0.37,Ablation
2157,CGGCGGCC,0.31,Ablation
2158,CGGCGGCG,0.4,Ablation
2159,CGGCGGGC,0.37,Ablation
2160,CGGCGGGG,0.4,Ablation
2161,CGGGCCCC,0.31,Ablation
2162,CGGGCCCG,0.44,Ablation
2163,CGGGCCGC,0.32,Ablation
2164,CGGGCCGG,0.36,Ablation
2165,CGGGCGCC,0.34,Ablation
2166,CGGGCGCG,0.34,Ablation
2167,CGGGCGGC,0.33,Ablation
2168,CGGGCGGG,0.4,Ablation
2169,CGGGGCCC,0.4,Ablation
2170,CGGGGCCG,0.39,Ablation
2171,CGGGGCGC,0.37,Ablation
2172,CGGGGCGG,0.41,Ablation
2173,CGGGGGCC,0.31,Ablation
2174,CGGGGGCG,0.37,Ablation
2175,CGGGGGGC,0.38,Ablation
2176,CGGGGGGG,0.36,Ablation
832,CGGTCAAA,0.47,Core
833,CGGTCAAC,0.46,Core
834,CGGTCAAG,0.43,Core
835,CGGTCAAT,0.51,Core
836,CGGTCACA,0.51,Core
837,CGGTCACC,0.4,Core
838,CGGTCACG,0.44,Core
839,CGGTCACT,0.44,Core
840,CGGTCAGA,0.48,Core
841,CGGTCAGC,0.45,Core
842,CGGTCAGG,0.41,Core
843,CGGTCAGT,0.39,Core
844,CGGTCATA,0.51,Core
845,CGGTCATC,0.58,Core
846,CGGTCATG,0.44,Core
847,CGGTCATT,0.48,Core
848,CGGTCTAA,0.47,Core
849,CGGTCTAC,0.43,Core
850,CGGTCTAG,0.44,Core
851,CGGTCTAT,0.41,Core
852,CGGTCTCA,0.43,Core
853,CGGTCTCC,0.35,Core
854,CGGTCTCG,0.41,Core
855,CGGTCTCT,0.39,Core
856,CGGTCTGA,0.44,Core
857,CGGTCTGC,0.39,Core
858,CGGTCTGG,0.48,Core
859,CGGTCTGT,0.44,Core
860,CGGTCTTA,0.43,Core
861,CGGTCTTC,0.43,Core
862,CGGTCTTG,0.43,Core
863,CGGTCTTT,0.41,Core
864,CGTTCAAA,0.49,Core
865,CGTTCAAC,0.5,Core
866,CGTTCAAG,0.46,Core
867,CGTTCAAT,0.59,Core
868,CGTTCACA,0.44,Core
869,CGTTCACC,0.41,Core
870,CGTTCACG,0.38,Core
871,CGTTCACT,0.49,Core
872,CGTTCAGA,0.42,Core
873,CGTTCAGC,0.42,Core
874,CGTTCAGG,0.51,Core
875,CGTTCAGT,0.43,Core
876,CGTTCATA,0.44,Core
877,CGTTCATC,0.53,Core
878,CGTTCATG,0.46,Core
879,CGTTCATT,0.51,Core
880,CGTTCTAA,0.46,Core
881,CGTTCTAC,0.43,Core
882,CGTTCTAG,0.45,Core
883,CGTTCTAT,0.49,Core
884,CGTTCTCA,0.47,Core
885,CGTTCTCC,0.44,Core
886,CGTTCTCG,0.38,Core
887,CGTTCTCT,0.49,Core
888,CGTTCTGA,0.46,Core
889,CGTTCTGC,0.42,Core
890,CGTTCTGG,0.42,Core
891,CGTTCTGT,0.47,Core
892,CGTTCTTA,0.49,Core
893,CGTTCTTC,0.44,Core
894,CGTTCTTG,0.48,Core
895,CGTTCTTT,0.46,Core
896,CTATCAAA,0.62,Core
897,CTATCAAC,0.6,Core
898,CTATCAAG,0.59,Core
899,CTATCAAT,0.63,Core
900,CTATCACA,0.58,Core
901,CTATCACC,0.48,Core
902,CTATCACG,0.51,Core
903,CTATCACT,0.47,Core
904,CTATCAGA,0.54,Core
905,CTATCAGC,0.5,Core
906,CTATCAGG,0.42,Core
907,CTATCAGT,0.57,Core
908,CTATCATA,0.57,Core
909,CTATCATC,0.61,Core
910,CTATCATG,0.5,Core
911,CTATCATT,0.6,Core
912,CTATCTAA,0.51,Core
913,CTATCTAC,0.45,Core
914,CTATCTAG,0.44,Core
915,CTATCTAT,0.5,Core
916,CTATCTCA,0.55,Core
917,CTATCTCC,0.42,Core
918,CTATCTCG,0.46,Core
919,CTATCTCT,0.53,Core
920,CTATCTGA,0.42,Core
921,CTATCTGC,0.45,Core
922,CTATCTGG,0.43,Core
923,CTATCTGT,0.45,Core
924,CTATCTTA,0.48,Core
925,CTATCTTC,0.52,Core
926,CTATCTTG,0.53,Core
927,CTATCTTT,0.52,Core
928,CTCTCAAA,0.58,Core
929,CTCTCAAC,0.5,Core
930,CTCTCAAG,0.44,Core
931,CTCTCAAT,0.54,Core
932,CTCTCACA,0.49,Core
933,CTCTCACC,0.43,Core
934,CTCTCACG,0.45,Core
935,CTCTCACT,0.42,Core
936,CTCTCAGA,0.51,Core
937,CTCTCAGC,0.47,Core
938,CTCTCAGG,0.42,Core
939,CTCTCAGT,0.49,Core
940,CTCTCATA,0.5,Core
941,CTCTCATC,0.53,Core
942,CTCTCATG,0.52,Core
943,CTCTCATT,0.51,Core
944,CTCTCTAA,0.42,Core
945,CTCTCTAC,0.48,Core
946,CTCTCTAG,0.41,Core
947,CTCTCTAT,0.45,Core
948,CTCTCTCA,0.46,Core
949,CTCTCTCC,0.4,Core
950,CTCTCTCG,0.46,Core
951,CTCTCTCT,0.43,Core
952,CTCTCTGA,0.46,Core
953,CTCTCTGC,0.42,Core
954,CTCTCTGG,0.37,Core
955,CTCTCTGT,0.46,Core
956,CTCTCTTA,0.48,Core
957,CTCTCTTC,0.48,Core
958,CTCTCTTG,0.44,Core
959,CTCTCTTT,0.47,Core
960,CTGTCAAA,0.6,Core
961,CTGTCAAC,0.6,Core
962,CTGTCAAG,0.49,Core
963,CTGTCAAT,0.76,Core
964,CTGTCACA,0.64,Core
965,CTGTCACC,0.52,Core
966,CTGTCACG,0.46,Core
967,CTGTCACT,0.52,Core
968,CTGTCAGA,0.58,Core
969,CTGTCAGC,0.53,Core
970,CTGTCAGG,0.5,Core
971,CTGTCAGT,0.57,Core
972,CTGTCATA,0.56,Core
973,CTGTCATC,0.58,Core
974,CTGTCATG,0.51,Core
975,CTGTCATT,0.65,Core
976,CTGTCTAA,0.45,Core
977,CTGTCTAC,0.45,Core
978,CTGTCTAG,0.37,Core
979,CTGTCTAT,0.44,Core
980,CTGTCTCA,0.44,Core
981,CTGTCTCC,0.47,Core
982,CTGTCTCG,0.45,Core
983,CTGTCTCT,0.49,Core
984,CTGTCTGA,0.54,Core
985,CTGTCTGC,0.39,Core
986,CTGTCTGG,0.39,Core
987,CTGTCTGT,0.48,Core
988,CTGTCTTA,0.48,Core
989,CTGTCTTC,0.44,Core
990,CTGTCTTG,0.47,Core
991,CTGTCTTT,0.44,Core
992,CTTTCAAA,0.61,Core
993,CTTTCAAC,0.52,Core
994,CTTTCAAG,0.47,Core
995,CTTTCAAT,0.52,Core
996,CTTTCACA,0.46,Core
997,CTTTCACC,0.47,Core
998,CTTTCACG,0.51,Core
999,CTTTCACT,0.51,Core
1000,CTTTCAGA,0.49,Core
1001,CTTTCAGC,0.42,Core
1002,CTTTCAGG,0.48,Core
1003,CTTTCAGT,0.5,Core
1004,CTTTCATA,0.53,Core
1005,CTTTCATC,0.48,Core
1006,CTTTCATG,0.51,Core
1007,CTTTCATT,0.5,Core
1008,CTTTCTAA,0.51,Core
1009,CTTTCTAC,0.44,Core
1010,CTTTCTAG,0.47,Core
1011,CTTTCTAT,0.51,Core
1012,CTTTCTCA,0.53,Core
1013,CTTTCTCC,0.45,Core
1014,CTTTCTCG,0.42,Core
1015,CTTTCTCT,0.44,Core
1016,CTTTCTGA,0.51,Core
1017,CTTTCTGC,0.46,Core
1018,CTTTCTGG,0.45,Core
1019,CTTTCTGT,0.44,Core
1020,CTTTCTTA,0.51,Core
1021,CTTTCTTC,0.44,Core
1022,CTTTCTTG,0.45,Core
1023,CTTTCTTT,0.52,Core
1024,GAATCAAA,0.56,Core
1025,GAATCAAC,0.59,Core
1026,GAATCAAG,0.5,Core
1027,GAATCAAT,0.67,Core
1028,GAATCACA,0.51,Core
1029,GAATCACC,0.53,Core
1030,GAATCACG,0.53,Core
1031,GAATCACT,0.57,Core
1032,GAATCAGA,0.49,Core
1033,GAATCAGC,0.54,Core
1034,GAATCAGG,0.49,Core
1035,GAATCAGT,0.51,Core
1036,GAATCATA,0.55,Core
1037,GAATCATC,0.59,Core
1038,GAATCATG,0.55,Core
1039,GAATCATT,0.54,Core
1040,GAATCTAA,0.46,Core
1041,GAATCTAC,0.49,Core
1042,GAATCTAG,0.48,Core
1043,GAATCTAT,0.5,Core
1044,GAATCTCA,0.42,Core
1045,GAATCTCC,0.48,Core
1046,GAATCTCG,0.45,Core
1047,GAATCTCT,0.47,Core
1048,GAATCTGA,0.49,Core
1049,GAATCTGC,0.41,Core
1050,GAATCTGG,0.44,Core
1051,GAATCTGT,0.49,Core
1052,GAATCTTA,0.48,Core
1053,GAATCTTC,0.44,Core
1054,GAATCTTG,0.47,Core
1055,GAATCTTT,0.48,Core
1056,GACTCAAA,0.56,Core
1057,GACTCAAC,0.47,Core
1058,GACTCAAG,0.46,Core
1059,GACTCAAT,0.49,Core
1060,GACTCACA,0.51,Core
1061,GACTCACC,0.48,Core
1062,GACTCACG,0.39,Core
1063,GACTCACT,0.44,Core
1064,GACTCAGA,0.49,Core
1065,GACTCAGC,0.39,Core
1066,GACTCAGG,0.49,Core
1067,GACTCAGT,0.43,Core
1068,GACTCATA,0.47,Core
1069,GACTCATC,0.48,Core
1070,GACTCATG,0.56,Core
1071,GACTCATT,0.52,Core
1072,GACTCTAA,0.5,Core
1073,GACTCTAC,0.43,Core
1074,GACTCTAG,0.35,Core
1075,GACTCTAT,0.45,Core
1076,GACTCTCA,0.45,Core
1077,GACTCTCC,0.39,Core
1078,GACTCTCG,0.43,Core
1079,GACTCTCT,0.4,Core
1080,GACTCTGA,0.47,Core
1081,GACTCTGC,0.4,Core
1082,GACTCTGG,0.35,Core
1083,GACTCTGT,0.37,Core
1084,GACTCTTA,0.43,Core
1085,GACTCTTC,0.45,Core
1086,GACTCTTG,0.37,Core
1087,GACTCTTT,0.34,Core
1088,GAGTCAAA,0.47,Core
1089,GAGTCAAC,0.49,Core
1090,GAGTCAAG,0.44,Core
1091,GAGTCAAT,0.5,Core
1092,GAGTCACA,0.49,Core
1093,GAGTCACC,0.4,Core
1094,GAGTCACG,0.39,Core
1095,GAGTCACT,0.42,Core
1096,GAGTCAGA,0.44,Core
1097,GAGTCAGC,0.4,Core
1098,GAGTCAGG,0.4,Core
1099,GAGTCAGT,0.43,Core
1100,GAGTCATA,0.52,Core
1101,GAGTCATC,0.5,Core
1102,GAGTCATG,0.44,Core
1103,GAGTCATT,0.48,Core
1104,GAGTCTAA,0.43,Core
1105,GAGTCTAC,0.33,Core
1106,GAGTCTAG,0.37,Core
1107,GAGTCTAT,0.44,Core
1108,GAGTCTCA,0.41,Core
1109,GAGTCTCC,0.41,Core
1110,GAGTCTCG,0.41,Core
1111,GAGTCTCT,0.42,Core
1112,GAGTCTGA,0.46,Core
1113,GAGTCTGC,0.36,Core
1114,GAGTCTGG,0.38,Core
1115,GAGTCTGT,0.37,Core
1116,GAGTCTTA,0.45,Core
1117,GAGTCTTC,0.48,Core
1118,GAGTCTTG,0.45,Core
1119,GAGTCTTT,0.43,Core
1120,GATTCAAA,0.61,Core
1121,GATTCAAC,0.47,Core
1122,GATTCAAG,0.48,Core
1123,GATTCAAT,0.51,Core
1124,GATTCACA,0.51,Core
1125,GATTCACC,0.43,Core
1126,GATTCACG,0.47,Core
1127,GATTCACT,0.5,Core
1128,GATTCAGA,0.48,Core
1129,GATTCAGC,0.44,Core
1130,GATTCAGG,0.49,Core
1131,GATTCAGT,0.44,Core
1132,GATTCATA,0.48,Core
1133,GATTCATC,0.52,Core
1134,GATTCATG,0.56,Core
1135,GATTCATT,0.59,Core
1136,GATTCTAA,0.51,Core
1137,GATTCTAC,0.45,Core
1138,GATTCTAG,0.41,Core
1139,GATTCTAT,0.49,Core
1140,GATTCTCA,0.53,Core
1141,GATTCTCC,0.45,Core
1142,GATTCTCG,0.4,Core
1143,GATTCTCT,0.46,Core
1144,GATTCTGA,0.47,Core
1145,GATTCTGC,0.41,Core
1146,GATTCTGG,0.43,Core
1147,GATTCTGT,0.45,Core
1148,GATTCTTA,0.54,Core
1149,GATTCTTC,0.53,Core
1150,GATTCTTG,0.46,Core
1151,GATTCTTT,0.46,Core
1152,GCATCAAA,0.67,Core
1153,GCATCAAC,0.54,Core
1154,GCATCAAG,0.59,Core
1155,GCATCAAT,0.71,Core
1156,GCATCACA,0.65,Core
1157,GCATCACC,0.51,Core
1158,GCATCACG,0.66,Core
1159,GCATCACT,0.59,Core
1160,GCATCAGA,0.66,Core
1161,GCATCAGC,0.44,Core
1162,GCATCAGG,0.53,Core
1163,GCATCAGT,0.55,Core
1164,GCATCATA,0.65,Core
1165,GCATCATC,0.66,Core
1166,GCATCATG,0.59,Core
1167,GCATCATT,0.69,Core
1168,GCATCTAA,0.56,Core
1169,GCATCTAC,0.46,Core
1170,GCATCTAG,0.48,Core
1171,GCATCTAT,0.42,Core
1172,GCATCTCA,0.56,Core
1173,GCATCTCC,0.47,Core
1174,GCATCTCG,0.51,Core
1175,GCATCTCT,0.52,Core
1176,GCATCTGA,0.4,Core
1177,GCATCTGC,0.43,Core
1178,GCATCTGG,0.47,Core
1179,GCATCTGT,0.45,Core
1180,GCATCTTA,0.53,Core
1181,GCATCTTC,0.46,Core
1182,GCATCTTG,0.47,Core
1183,GCATCTTT,0.55,Core
2177,GCCCCCCC,0.45,Ablation
2178,GCCCCCCG,0.38,Ablation
2179,GCCCCCGC,0.39,Ablation
2180,GCCCCCGG,0.34,Ablation
2181,GCCCCGCC,0.42,Ablation
2182,GCCCCGCG,0.37,Ablation
2183,GCCCCGGC,0.33,Ablation
2184,GCCCCGGG,0.36,Ablation
2185,GCCCGCCC,0.32,Ablation
2186,GCCCGCCG,0.37,Ablation
2187,GCCCGCGC,0.35,Ablation
2188,GCCCGCGG,0.37,Ablation
2189,GCCCGGCC,0.36,Ablation
2190,GCCCGGCG,0.38,Ablation
2191,GCCCGGGC,0.33,Ablation
2192,GCCCGGGG,0.37,Ablation
2193,GCCGCCCC,0.43,Ablation
2194,GCCGCCCG,0.33,Ablation
2195,GCCGCCGC,0.41,Ablation
2196,GCCGCCGG,0.34,Ablation
2197,GCCGCGCC,0.36,Ablation
2198,GCCGCGCG,0.45,Ablation
2199,GCCGCGGC,0.33,Ablation
2200,GCCGCGGG,0.39,Ablation
2201,GCCGGCCC,0.29,Ablation
2202,GCCGGCCG,0.36,Ablation
2203,GCCGGCGC,0.33,Ablation
2204,GCCGGCGG,0.33,Ablation
2205,GCCGGGCC,0.35,Ablation
2206,GCCGGGCG,0.39,Ablation
2207,GCCGGGGC,0.33,Ablation
2208,GCCGGGGG,0.38,Ablation
1184,GCCTCAAA,0.6,Core
1185,GCCTCAAC,0.48,Core
1186,GCCTCAAG,0.43,Core
1187,GCCTCAAT,0.6,Core
1188,GCCTCACA,0.52,Core
1189,GCCTCACC,0.41,Core
1190,GCCTCACG,0.47,Core
1191,GCCTCACT,0.47,Core
1192,GCCTCAGA,0.48,Core
1193,GCCTCAGC,0.37,Core
1194,GCCTCAGG,0.35,Core
1195,GCCTCAGT,0.47,Core
1196,GCCTCATA,0.57,Core
1197,GCCTCATC,0.62,Core
1198,GCCTCATG,0.41,Core
1199,GCCTCATT,0.52,Core
1200,GCCTCTAA,0.44,Core
1201,GCCTCTAC,0.42,Core
1202,GCCTCTAG,0.36,Core
1203,GCCTCTAT,0.37,Core
1204,GCCTCTCA,0.41,Core
1205,GCCTCTCC,0.43,Core
1206,GCCTCTCG,0.39,Core
1207,GCCTCTCT,0.37,Core
1208,GCCTCTGA,0.42,Core
1209,GCCTCTGC,0.37,Core
1210,GCCTCTGG,0.41,Core
1211,GCCTCTGT,0.39,Core
1212,GCCTCTTA,0.44,Core
1213,GCCTCTTC,0.51,Core
1214,GCCTCTTG,0.44,Core
1215,GCCTCTTT,0.46,Core
2209,GCGCCCCC,0.38,Ablation
2210,GCGCCCCG,0.37,Ablation
2211,GCGCCCGC,0.3,Ablation
2212,GCGCCCGG,0.39,Ablation
2213,GCGCCGCC,0.43,Ablation
2214,GCGCCGCG,0.4,Ablation
2215,GCGCCGGC,0.33,Ablation
2216,GCGCCGGG,0.34,Ablation
2217,GCGCGCCC,0.33,Ablation
2218,GCGCGCCG,0.39,Ablation
2219,GCGCGCGC,0.36,Ablation
2220,GCGCGCGG,0.37,Ablation
2221,GCGCGGCC,0.31,Ablation
2222,GCGCGGCG,0.37,Ablation
2223,GCGCGGGC,0.35,Ablation
2224,GCGCGGGG,0.38,Ablation
2225,GCGGCCCC,0.37,Ablation
2226,GCGGCCCG,0.32,Ablation
2227,GCGGCCGC,0.29,Ablation
2228,GCGGCCGG,0.34,Ablation
2229,GCGGCGCC,0.42,Ablation
2230,GCGGCGCG,0.4,Ablation
2231,GCGGCGGC,0.41,Ablation
2232,GCGGCGGG,0.36,Ablation
2233,GCGGGCCC,0.32,Ablation
2234,GCGGGCCG,0.32,Ablation
2235,GCGGGCGC,0.3,Ablation
2236,GCGGGCGG,0.43,Ablation
2237,GCGGGGCC,0.33,Ablation
2238,GCGGGGCG,0.38,Ablation
2239,GCGGGGGC,0.39,Ablation
2240,GCGGGGGG,0.42,Ablation
1216,GCGTCAAA,0.7,Core
1217,GCGTCAAC,0.53,Core
1218,GCGTCAAG,0.55,Core
1219,GCGTCAAT,0.62,Core
1220,GCGTCACA,0.47,Core
1221,GCGTCACC,0.44,Core
1222,GCGTCACG,0.51,Core
1223,GCGTCACT,0.59,Core
1224,GCGTCAGA,0.5,Core
1225,GCGTCAGC,0.42,Core
1226,GCGTCAGG,0.41,Core
1227,GCGTCAGT,0.48,Core
1228,GCGTCATA,0.65,Core
1229,GCGTCATC,0.57,Core
1230,GCGTCATG,0.53,Core
1231,GCGTCATT,0.63,Core
1232,GCGTCTAA,0.45,Core
1233,GCGTCTAC,0.45,Core
1234,GCGTCTAG,0.48,Core
1235,GCGTCTAT,0.46,Core
1236,GCGTCTCA,0.51,Core
1237,GCGTCTCC,0.42,Core
1238,GCGTCTCG,0.52,Core
1239,GCGTCTCT,0.46,Core
1240,GCGTCTGA,0.44,Core
1241,GCGTCTGC,0.36,Core
1242,GCGTCTGG,0.43,Core
1243,GCGTCTGT,0.51,Core
1244,GCGTCTTA,0.42,Core
1245,GCGTCTTC,0.47,Core
1246,GCGTCTTG,0.47,Core
1247,GCGTCTTT,0.43,Core
1248,GCTTCAAA,0.49,Core
1249,GCTTCAAC,0.5,Core
1250,GCTTCAAG,0.51,Core
1251,GCTTCAAT,0.58,Core
1252,GCTTCACA,0.45,Core
1253,GCTTCACC,0.41,Core
1254,GCTTCACG,0.42,Core
1255,GCTTCACT,0.49,Core
1256,GCTTCAGA,0.43,Core
1257,GCTTCAGC,0.42,Core
1258,GCTTCAGG,0.44,Core
1259,GCTTCAGT,0.52,Core
1260,GCTTCATA,0.49,Core
1261,GCTTCATC,0.51,Core
1262,GCTTCATG,0.48,Core
1263,GCTTCATT,0.54,Core
1264,GCTTCTAA,0.45,Core
1265,GCTTCTAC,0.42,Core
1266,GCTTCTAG,0.39,Core
1267,GCTTCTAT,0.48,Core
1268,GCTTCTCA,0.49,Core
1269,GCTTCTCC,0.41,Core
1270,GCTTCTCG,0.38,Core
1271,GCTTCTCT,0.46,Core
1272,GCTTCTGA,0.49,Core
1273,GCTTCTGC,0.39,Core
1274,GCTTCTGG,0.39,Core
1275,GCTTCTGT,0.46,Core
1276,GCTTCTTA,0.47,Core
1277,GCTTCTTC,0.43,Core
1278,GCTTCTTG,0.49,Core
1279,GCTTCTTT,0.43,Core
1280,GGATCAAA,0.56,Core
1281,GGATCAAC,0.55,Core
1282,GGATCAAG,0.53,Core
1283,GGATCAAT,0.58,Core
1284,GGATCACA,0.52,Core
1285,GGATCACC,0.46,Core
1286,GGATCACG,0.46,Core
1287,GGATCACT,0.59,Core
1288,GGATCAGA,0.47,Core
1289,GGATCAGC,0.5,Core
1290,GGATCAGG,0.5,Core
1291,GGATCAGT,0.54,Core
1292,GGATCATA,0.51,Core
1293,GGATCATC,0.56,Core
1294,GGATCATG,0.51,Core
1295,GGATCATT,0.48,Core
1296,GGATCTAA,0.49,Core
1297,GGATCTAC,0.45,Core
1298,GGATCTAG,0.44,Core
1299,GGATCTAT,0.51,Core
1300,GGATCTCA,0.5,Core
1301,GGATCTCC,0.5,Core
1302,GGATCTCG,0.42,Core
1303,GGATCTCT,0.52,Core
1304,GGATCTGA,0.55,Core
1305,GGATCTGC,0.42,Core
1306,GGATCTGG,0.38,Core
1307,GGATCTGT,0.53,Core
1308,GGATCTTA,0.54,Core
1309,GGATCTTC,0.48,Core
1310,GGATCTTG,0.49,Core
1311,GGATCTTT,0.47,Core
2241,GGCCCCCC,0.4,Ablation
2242,GGCCCCCG,0.31,Ablation
2243,GGCCCCGC,0.33,Ablation
2244,GGCCCCGG,0.41,Ablation
2245,GGCCCGCC,0.32,Ablation
2246,GGCCCGCG,0.34,Ablation
2247,GGCCCGGC,0.35,Ablation
2248,GGCCCGGG,0.34,Ablation
2249,GGCCGCCC,0.35,Ablation
2250,GGCCGCCG,0.31,Ablation
2251,GGCCGCGC,0.31,Ablation
2252,GGCCGCGG,0.36,Ablation
2253,GGCCGGCC,0.36,Ablation
2254,GGCCGGCG,0.32,Ablation
2255,GGCCGGGC,0.36,Ablation
2256,GGCCGGGG,0.32,Ablation
2257,GGCGCCCC,0.39,Ablation
2258,GGCGCCCG,0.34,Ablation
2259,GGCGCCGC,0.42,Ablation
2260,GGCGCCGG,0.33,Ablation
2261,GGCGCGCC,0.33,Ablation
2262,GGCGCGCG,0.37,Ablation
2263,GGCGCGGC,0.36,Ablation
2264,GGCGCGGG,0.43,Ablation
2265,GGCGGCCC,0.31,Ablation
2266,GGCGGCCG,0.29,Ablation
2267,GGCGGCGC,0.43,Ablation
2268,GGCGGCGG,0.36,Ablation
2269,GGCGGGCC,0.32,Ablation
2270,GGCGGGCG,0.37,Ablation
2271,GGCGGGGC,0.42,Ablation
2272,GGCGGGGG,0.43,Ablation
1312,GGCTCAAA,0.47,Core
1313,GGCTCAAC,0.44,Core
1314,GGCTCAAG,0.47,Core
1315,GGCTCAAT,0.59,Core
1316,GGCTCACA,0.47,Core
1317,GGCTCACC,0.38,Core
1318,GGCTCACG,0.39,Core
1319,GGCTCACT,0.44,Core
1320,GGCTCAGA,0.42,Core
1321,GGCTCAGC,0.45,Core
1322,GGCTCAGG,0.39,Core
1323,GGCTCAGT,0.45,Core
1324,GGCTCATA,0.5,Core
1325,GGCTCATC,0.53,Core
1326,GGCTCATG,0.5,Core
1327,GGCTCATT,0.46,Core
1328,GGCTCTAA,0.44,Core
1329,GGCTCTAC,0.39,Core
1330,GGCTCTAG,0.37,Core
1331,GGCTCTAT,0.42,Core
1332,GGCTCTCA,0.39,Core
1333,GGCTCTCC,0.41,Core
1334,GGCTCTCG,0.35,Core
1335,GGCTCTCT,0.38,Core
1336,GGCTCTGA,0.42,Core
1337,GGCTCTGC,0.38,Core
1338,GGCTCTGG,0.32,Core
1339,GGCTCTGT,0.4,Core
1340,GGCTCTTA,0.41,Core
1341,GGCTCTTC,0.5,Core
1342,GGCTCTTG,0.47,Core
1343,GGCTCTTT,0.42,Core
2273,GGGCCCCC,0.32,Ablation
2274,GGGCCCCG,0.4,Ablation
2275,GGGCCCGC,0.32,Ablation
2276,GGGCCCGG,0.44,Ablation
2277,GGGCCGCC,0.31,Ablation
2278,GGGCCGCG,0.36,Ablation
2279,GGGCCGGC,0.29,Ablation
2280,GGGCCGGG,0.35,Ablation
2281,GGGCGCCC,0.42,Ablation
2282,GGGCGCCG,0.34,Ablation
2283,GGGCGCGC,0.33,Ablation
2284,GGGCGCGG,0.41,Ablation
2285,GGGCGGCC,0.35,Ablation
2286,GGGCGGCG,0.36,Ablation
2287,GGGCGGGC,0.32,Ablation
2288,GGGCGGGG,0.43,Ablation
2289,GGGGCCCC,0.37,Ablation
2290,GGGGCCCG,0.31,Ablation
2291,GGGGCCGC,0.37,Ablation
2292,GGGGCCGG,0.34,Ablation
2293,GGGGCGCC,0.39,Ablation
2294,GGGGCGCG,0.39,Ablation
2295,GGGGCGGC,0.43,Ablation
2296,GGGGCGGG,0.36,Ablation
2297,GGGGGCCC,0.32,Ablation
2298,GGGGGCCG,0.37,Ablation
2299,GGGGGCGC,0.38,Ablation
2300,GGGGGCGG,0.39,Ablation
2301,GGGGGGCC,0.4,Ablation
2302,GGGGGGCG,0.38,Ablation
2303,GGGGGGGC,0.45,Ablation
2304,GGGGGGGG,0.29,Ablation
1344,GGGTCAAA,0.48,Core
1345,GGGTCAAC,0.48,Core
1346,GGGTCAAG,0.38,Core
1347,GGGTCAAT,0.54,Core
1348,GGGTCACA,0.39,Core
1349,GGGTCACC,0.36,Core
1350,GGGTCACG,0.42,Core
1351,GGGTCACT,0.41,Core
1352,GGGTCAGA,0.41,Core
1353,GGGTCAGC,0.43,Core
1354,GGGTCAGG,0.37,Core
1355,GGGTCAGT,0.44,Core
1356,GGGTCATA,0.51,Core
1357,GGGTCATC,0.52,Core
1358,GGGTCATG,0.45,Core
1359,GGGTCATT,0.56,Core
1360,GGGTCTAA,0.44,Core
1361,GGGTCTAC,0.39,Core
1362,GGGTCTAG,0.47,Core
1363,GGGTCTAT,0.45,Core
1364,GGGTCTCA,0.36,Core
1365,GGGTCTCC,0.41,Core
1366,GGGTCTCG,0.35,Core
1367,GGGTCTCT,0.41,Core
1368,GGGTCTGA,0.39,Core
1369,GGGTCTGC,0.41,Core
1370,GGGTCTGG,0.48,Core
1371,GGGTCTGT,0.42,Core
1372,GGGTCTTA,0.42,Core
1373,GGGTCTTC,0.38,Core
1374,GGGTCTTG,0.45,Core
1375,GGGTCTTT,0.42,Core
1376,GGTTCAAA,0.43,Core
1377,GGTTCAAC,0.42,Core
1378,GGTTCAAG,0.45,Core
1379,GGTTCAAT,0.5,Core
1380,GGTTCACA,0.45,Core
1381,GGTTCACC,0.44,Core
1382,GGTTCACG,0.42,Core
1383,GGTTCACT,0.46,Core
1384,GGTTCAGA,0.46,Core
1385,GGTTCAGC,0.39,Core
1386,GGTTCAGG,0.38,Core
1387,GGTTCAGT,0.4,Core
1388,GGTTCATA,0.46,Core
1389,GGTTCATC,0.5,Core
1390,GGTTCATG,0.41,Core
1391,GGTTCATT,0.52,Core
1392,GGTTCTAA,0.43,Core
1393,GGTTCTAC,0.39,Core
1394,GGTTCTAG,0.35,Core
1395,GGTTCTAT,0.45,Core
1396,GGTTCTCA,0.43,Core
1397,GGTTCTCC,0.38,Core
1398,GGTTCTCG,0.42,Core
1399,GGTTCTCT,0.38,Core
1400,GGTTCTGA,0.48,Core
1401,GGTTCTGC,0.39,Core
1402,GGTTCTGG,0.41,Core
1403,GGTTCTGT,0.41,Core
1404,GGTTCTTA,0.36,Core
1405,GGTTCTTC,0.46,Core
1406,GGTTCTTG,0.47,Core
1407,GGTTCTTT,0.5,Core
1408,GTATCAAA,0.66,Core
1409,GTATCAAC,0.6,Core
1410,GTATCAAG,0.53,Core
1411,GTATCAAT,0.67,Core
1412,GTATCACA,0.53,Core
1413,GTATCACC,0.48,Core
1414,GTATCACG,0.43,Core
1415,GTATCACT,0.56,Core
1416,GTATCAGA,0.5,Core
1417,GTATCAGC,0.47,Core
1418,GTATCAGG,0.55,Core
1419,GTATCAGT,0.5,Core
1420,GTATCATA,0.58,Core
1421,GTATCATC,0.58,Core
1422,GTATCATG,0.59,Core
1423,GTATCATT,0.59,Core
1424,GTATCTAA,0.55,Core
1425,GTATCTAC,0.44,Core
1426,GTATCTAG,0.45,Core
1427,GTATCTAT,0.6,Core
1428,GTATCTCA,0.53,Core
1429,GTATCTCC,0.48,Core
1430,GTATCTCG,0.48,Core
1431,GTATCTCT,0.5,Core
1432,GTATCTGA,0.48,Core
1433,GTATCTGC,0.46,Core
1434,GTATCTGG,0.51,Core
1435,GTATCTGT,0.51,Core
1436,GTATCTTA,0.55,Core
1437,GTATCTTC,0.5,Core
1438,GTATCTTG,0.53,Core
1439,GTATCTTT,0.55,Core
1440,GTCTCAAA,0.54,Core
1441,GTCTCAAC,0.49,Core
1442,GTCTCAAG,0.41,Core
1443,GTCTCAAT,0.55,Core
1444,GTCTCACA,0.45,Core
1445,GTCTCACC,0.52,Core
1446,GTCTCACG,0.45,Core
1447,GTCTCACT,0.44,Core
1448,GTCTCAGA,0.48,Core
1449,GTCTCAGC,0.49,Core
1450,GTCTCAGG,0.48,Core
1451,GTCTCAGT,0.4,Core
1452,GTCTCATA,0.59,Core
1453,GTCTCATC,0.56,Core
1454,GTCTCATG,0.58,Core
1455,GTCTCATT,0.48,Core
1456,GTCTCTAA,0.47,Core
1457,GTCTCTAC,0.43,Core
1458,GTCTCTAG,0.47,Core
1459,GTCTCTAT,0.49,Core
1460,GTCTCTCA,0.51,Core
1461,GTCTCTCC,0.44,Core
1462,GTCTCTCG,0.46,Core
1463,GTCTCTCT,0.36,Core
1464,GTCTCTGA,0.5,Core
1465,GTCTCTGC,0.45,Core
1466,GTCTCTGG,0.38,Core
1467,GTCTCTGT,0.41,Core
1468,GTCTCTTA,0.55,Core
1469,GTCTCTTC,0.54,Core
1470,GTCTCTTG,0.47,Core
1471,GTCTCTTT,0.46,Core
1472,GTGTCAAA,0.56,Core
1473,GTGTCAAC,0.56,Core
1474,GTGTCAAG,0.59,Core
1475,GTGTCAAT,0.58,Core
1476,GTGTCACA,0.58,Core
1477,GTGTCACC,0.47,Core
1478,GTGTCACG,0.45,Core
1479,GTGTCACT,0.6,Core
1480,GTGTCAGA,0.52,Core
1481,GTGTCAGC,0.5,Core
1482,GTGTCAGG,0.51,Core
1483,GTGTCAGT,0.45,Core
1484,GTGTCATA,0.6,Core
1485,GTGTCATC,0.53,Core
1486,GTGTCATG,0.59,Core
1487,GTGTCATT,0.59,Core
1488,GTGTCTAA,0.54,Core
1489,GTGTCTAC,0.46,Core
1490,GTGTCTAG,0.45,Core
1491,GTGTCTAT,0.5,Core
1492,GTGTCTCA,0.55,Core
1493,GTGTCTCC,0.49,Core
1494,GTGTCTCG,0.4,Core
1495,GTGTCTCT,0.43,Core
1496,GTGTCTGA,0.56,Core
1497,GTGTCTGC,0.48,Core
1498,GTGTCTGG,0.41,Core
1499,GTGTCTGT,0.46,Core
1500,GTGTCTTA,0.45,Core
1501,GTGTCTTC,0.51,Core
1502,GTGTCTTG,0.45,Core
1503,GTGTCTTT,0.56,Core
1504,GTTTCAAA,0.68,Core
1505,GTTTCAAC,0.49,Core
1506,GTTTCAAG,0.52,Core
1507,GTTTCAAT,0.61,Core
1508,GTTTCACA,0.56,Core
1509,GTTTCACC,0.44,Core
1510,GTTTCACG,0.4,Core
1511,GTTTCACT,0.53,Core
1512,GTTTCAGA,0.47,Core
1513,GTTTCAGC,0.46,Core
1514,GTTTCAGG,0.41,Core
1515,GTTTCAGT,0.59,Core
1516,GTTTCATA,0.51,Core
1517,GTTTCATC,0.54,Core
1518,GTTTCATG,0.5,Core
1519,GTTTCATT,0.52,Core
1520,GTTTCTAA,0.42,Core
1521,GTTTCTAC,0.51,Core
1522,GTTTCTAG,0.45,Core
1523,GTTTCTAT,0.48,Core
1524,GTTTCTCA,0.53,Core
1525,GTTTCTCC,0.41,Core
1526,GTTTCTCG,0.45,Core
1527,GTTTCTCT,0.48,Core
1528,GTTTCTGA,0.55,Core
1529,GTTTCTGC,0.45,Core
1530,GTTTCTGG,0.46,Core
1531,GTTTCTGT,0.47,Core
1532,GTTTCTTA,0.45,Core
1533,GTTTCTTC,0.52,Core
1534,GTTTCTTG,0.53,Core
1535,GTTTCTTT,0.44,Core
2305,TAAAAAAA,0.49,Ablation
1536,TAATCAAA,0.69,Core
1537,TAATCAAC,0.71,Core
1538,TAATCAAG,0.63,Core
1539,TAATCAAT,0.73,Core
1540,TAATCACA,0.61,Core
1541,TAATCACC,0.48,Core
1542,TAATCACG,0.53,Core
1543,TAATCACT,0.59,Core
1544,TAATCAGA,0.61,Core
1545,TAATCAGC,0.47,Core
1546,TAATCAGG,0.65,Core
1547,TAATCAGT,0.55,Core
1548,TAATCATA,0.63,Core
1549,TAATCATC,0.66,Core
1550,TAATCATG,0.61,Core
1551,TAATCATT,0.62,Core
1552,TAATCTAA,0.51,Core
1553,TAATCTAC,0.51,Core
1554,TAATCTAG,0.51,Core
1555,TAATCTAT,0.51,Core
1556,TAATCTCA,0.59,Core
1557,TAATCTCC,0.44,Core
1558,TAATCTCG,0.54,Core
1559,TAATCTCT,0.52,Core
1560,TAATCTGA,0.57,Core
1561,TAATCTGC,0.49,Core
1562,TAATCTGG,0.53,Core
1563,TAATCTGT,0.46,Core
1564,TAATCTTA,0.49,Core
1565,TAATCTTC,0.51,Core
1566,TAATCTTG,0.52,Core
1567,TAATCTTT,0.51,Core
1568,TACTCAAA,0.58,Core
1569,TACTCAAC,0.55,Core
1570,TACTCAAG,0.52,Core
1571,TACTCAAT,0.64,Core
1572,TACTCACA,0.53,Core
1573,TACTCACC,0.48,Core
1574,TACTCACG,0.57,Core
1575,TACTCACT,0.53,Core
1576,TACTCAGA,0.54,Core
1577,TACTCAGC,0.43,Core
1578,TACTCAGG,0.51,Core
1579,TACTCAGT,0.52,Core
1580,TACTCATA,0.58,Core
1581,TACTCATC,0.59,Core
1582,TACTCATG,0.48,Core
1583,TACTCATT,0.6,Core
1584,TACTCTAA,0.49,Core
1585,TACTCTAC,0.48,Core
1586,TACTCTAG,0.4,Core
1587,TACTCTAT,0.46,Core
1588,TACTCTCA,0.5,Core
1589,TACTCTCC,0.55,Core
1590,TACTCTCG,0.49,Core
1591,TACTCTCT,0.51,Core
1592,TACTCTGA,0.49,Core
1593,TACTCTGC,0.45,Core
1594,TACTCTGG,0.4,Core
1595,TACTCTGT,0.44,Core
1596,TACTCTTA,0.54,Core
1597,TACTCTTC,0.49,Core
1598,TACTCTTG,0.48,Core
1599,TACTCTTT,0.45,Core
1600,TAGTCAAA,0.5,Core
1601,TAGTCAAC,0.47,Core
1602,TAGTCAAG,0.42,Core
1603,TAGTCAAT,0.52,Core
1604,TAGTCACA,0.48,Core
1605,TAGTCACC,0.43,Core
1606,TAGTCACG,0.44,Core
1607,TAGTCACT,0.46,Core
1608,TAGTCAGA,0.41,Core
1609,TAGTCAGC,0.4,Core
1610,TAGTCAGG,0.45,Core
1611,TAGTCAGT,0.44,Core
1612,TAGTCATA,0.5,Core
1613,TAGTCATC,0.54,Core
1614,TAGTCATG,0.44,Core
1615,TAGTCATT,0.47,Core
1616,TAGTCTAA,0.41,Core
1617,TAGTCTAC,0.4,Core
1618,TAGTCTAG,0.41,Core
1619,TAGTCTAT,0.45,Core
1620,TAGTCTCA,0.47,Core
1621,TAGTCTCC,0.5,Core
1622,TAGTCTCG,0.44,Core
1623,TAGTCTCT,0.44,Core
1624,TAGTCTGA,0.42,Core
1625,TAGTCTGC,0.41,Core
1626,TAGTCTGG,0.47,Core
1627,TAGTCTGT,0.43,Core
1628,TAGTCTTA,0.45,Core
1629,TAGTCTTC,0.45,Core
1630,TAGTCTTG,0.39,Core
1631,TAGTCTTT,0.45,Core
1632,TATTCAAA,0.57,Core
1633,TATTCAAC,0.48,Core
1634,TATTCAAG,0.47,Core
1635,TATTCAAT,0.64,Core
1636,TATTCACA,0.54,Core
1637,TATTCACC,0.48,Core
1638,TATTCACG,0.57,Core
1639,TATTCACT,0.45,Core
1640,TATTCAGA,0.54,Core
1641,TATTCAGC,0.47,Core
1642,TATTCAGG,0.49,Core
1643,TATTCAGT,0.5,Core
1644,TATTCATA,0.53,Core
1645,TATTCATC,0.67,Core
1646,TATTCATG,0.53,Core
1647,TATTCATT,0.55,Core
1648,TATTCTAA,0.54,Core
1649,TATTCTAC,0.52,Core
1650,TATTCTAG,0.51,Core
1651,TATTCTAT,0.45,Core
1652,TATTCTCA,0.52,Core
1653,TATTCTCC,0.51,Core
1654,TATTCTCG,0.53,Core
1655,TATTCTCT,0.44,Core
1656,TATTCTGA,0.59,Core
1657,TATTCTGC,0.44,Core
1658,TATTCTGG,0.46,Core
1659,TATTCTGT,0.46,Core
1660,TATTCTTA,0.49,Core
1661,TATTCTTC,0.4,Core
1662,TATTCTTG,0.53,Core
1663,TATTCTTT,0.49,Core
1664,TCATCAAA,1.0,Core
1665,TCATCAAC,0.72,Core
1666,TCATCAAG,0.68,Core
1667,TCATCAAT,0.68,Core
1668,TCATCACA,0.76,Core
1669,TCATCACC,0.71,Core
1670,TCATCACG,0.63,Core
1671,TCATCACT,0.79,Core
1672,TCATCAGA,0.59,Core
1673,TCATCAGC,0.6,Core
1674,TCATCAGG,0.52,Core
1675,TCATCAGT,0.77,Core
1676,TCATCATA,0.77,Core
1677,TCATCATC,0.78,Core
1678,TCATCATG,0.7,Core
1679,TCATCATT,0.74,Core
1680,TCATCTAA,0.66,Core
1681,TCATCTAC,0.62,Core
1682,TCATCTAG,0.55,Core
1683,TCATCTAT,0.68,Core
1684,TCATCTCA,0.63,Core
1685,TCATCTCC,0.56,Core
1686,TCATCTCG,0.62,Core
1687,TCATCTCT,0.61,Core
1688,TCATCTGA,0.64,Core
1689,TCATCTGC,0.52,Core
1690,TCATCTGG,0.57,Core
1691,TCATCTGT,0.58,Core
1692,TCATCTTA,0.68,Core
1693,TCATCTTC,0.53,Core
1694,TCATCTTG,0.51,Core
1695,TCATCTTT,0.63,Core
1696,TCCTCAAA,0.51,Core
1697,TCCTCAAC,0.6,Core
1698,TCCTCAAG,0.53,Core
1699,TCCTCAAT,0.56,Core
1700,TCCTCACA,0.47,Core
1701,TCCTCACC,0.5,Core
1702,TCCTCACG,0.48,Core
1703,TCCTCACT,0.44,Core
1704,TCCTCAGA,0.48,Core
1705,TCCTCAGC,0.41,Core
1706,TCCTCAGG,0.53,Core
1707,TCCTCAGT,0.47,Core
1708,TCCTCATA,0.48,Core
1709,TCCTCATC,0.54,Core
1710,TCCTCATG,0.47,Core
1711,TCCTCATT,0.52,Core
1712,TCCTCTAA,0.51,Core
1713,TCCTCTAC,0.47,Core
1714,TCCTCTAG,0.4,Core
1715,TCCTCTAT,0.49,Core
1716,TCCTCTCA,0.49,Core
1717,TCCTCTCC,0.44,Core
1718,TCCTCTCG,0.45,Core
1719,TCCTCTCT,0.46,Core
1720,TCCTCTGA,0.44,Core
1721,TCCTCTGC,0.42,Core
1722,TCCTCTGG,0.45,Core
1723,TCCTCTGT,0.47,Core
1724,TCCTCTTA,0.48,Core
1725,TCCTCTTC,0.43,Core
1726,TCCTCTTG,0.48,Core
1727,TCCTCTTT,0.43,Core
1728,TCGTCAAA,0.88,Core
1729,TCGTCAAC,0.6,Core
1730,TCGTCAAG,0.61,Core
1731,TCGTCAAT,0.66,Core
1732,TCGTCACA,0.77,Core
1733,TCGTCACC,0.63,Core
1734,TCGTCACG,0.6,Core
1735,TCGTCACT,0.67,Core
1736,TCGTCAGA,0.63,Core
1737,TCGTCAGC,0.55,Core
1738,TCGTCAGG,0.59,Core
1739,TCGTCAGT,0.65,Core
1740,TCGTCATA,0.65,Core
1741,TCGTCATC,0.73,Core
1742,TCGTCATG,0.7,Core
1743,TCGTCATT,0.65,Core
1744,TCGTCTAA,0.51,Core
1745,TCGTCTAC,0.46,Core
1746,TCGTCTAG,0.5,Core
1747,TCGTCTAT,0.58,Core
1748,TCGTCTCA,0.55,Core
1749,TCGTCTCC,0.51,Core
1750,TCGTCTCG,0.48,Core
1751,TCGTCTCT,0.5,Core
1752,TCGTCTGA,0.52,Core
1753,TCGTCTGC,0.49,Core
1754,TCGTCTGG,0.47,Core
1755,TCGTCTGT,0.52,Core
1756,TCGTCTTA,0.5,Core
1757,TCGTCTTC,0.57,Core
1758,TCGTCTTG,0.46,Core
1759,TCGTCTTT,0.58,Core
1760,TCTTCAAA,0.62,Core
1761,TCTTCAAC,0.51,Core
1762,TCTTCAAG,0.56,Core
1763,TCTTCAAT,0.62,Core
1764,TCTTCACA,0.68,Core
1765,TCTTCACC,0.47,Core
1766,TCTTCACG,0.47,Core
1767,TCTTCACT,0.49,Core
1768,TCTTCAGA,0.5,Core
1769,TCTTCAGC,0.49,Core
1770,TCTTCAGG,0.5,Core
1771,TCTTCAGT,0.48,Core
1772,TCTTCATA,0.59,Core
1773,TCTTCATC,0.56,Core
1774,TCTTCATG,0.56,Core
1775,TCTTCATT,0.63,Core
1776,TCTTCTAA,0.54,Core
1777,TCTTCTAC,0.42,Core
1778,TCTTCTAG,0.56,Core
1779,TCTTCTAT,0.5,Core
1780,TCTTCTCA,0.54,Core
1781,TCTTCTCC,0.48,Core
1782,TCTTCTCG,0.48,Core
1783,TCTTCTCT,0.55,Core
1784,TCTTCTGA,0.49,Core
1785,TCTTCTGC,0.47,Core
1786,TCTTCTGG,0.48,Core
1787,TCTTCTGT,0.47,Core
1788,TCTTCTTA,0.5,Core
1789,TCTTCTTC,0.51,Core
1790,TCTTCTTG,0.53,Core
1791,TCTTCTTT,0.44,Core
1792,TGATCAAA,0.6,Core
1793,TGATCAAC,0.58,Core
1794,TGATCAAG,0.59,Core
1795,TGATCAAT,0.64,Core
1796,TGATCACA,0.5,Core
1797,TGATCACC,0.49,Core
1798,TGATCACG,0.48,Core
1799,TGATCACT,0.62,Core
1800,TGATCAGA,0.53,Core
1801,TGATCAGC,0.53,Core
1802,TGATCAGG,0.49,Core
1803,TGATCAGT,0.6,Core
1804,TGATCATA,0.55,Core
1805,TGATCATC,0.64,Core
1806,TGATCATG,0.61,Core
1807,TGATCATT,0.6,Core
1808,TGATCTAA,0.54,Core
1809,TGATCTAC,0.56,Core
1810,TGATCTAG,0.55,Core
1811,TGATCTAT,0.56,Core
1812,TGATCTCA,0.59,Core
1813,TGATCTCC,0.5,Core
1814,TGATCTCG,0.54,Core
1815,TGATCTCT,0.57,Core
1816,TGATCTGA,0.56,Core
1817,TGATCTGC,0.48,Core
1818,TGATCTGG,0.64,Core
1819,TGATCTGT,0.58,Core
1820,TGATCTTA,0.55,Core
1821,TGATCTTC,0.46,Core
1822,TGATCTTG,0.5,Core
1823,TGATCTTT,0.54,Core
1824,TGCTCAAA,0.52,Core
1825,TGCTCAAC,0.47,Core
1826,TGCTCAAG,0.43,Core
1827,TGCTCAAT,0.53,Core
1828,TGCTCACA,0.49,Core
1829,TGCTCACC,0.45,Core
1830,TGCTCACG,0.41,Core
1831,TGCTCACT,0.47,Core
1832,TGCTCAGA,0.44,Core
1833,TGCTCAGC,0.4,Core
1834,TGCTCAGG,0.46,Core
1835,TGCTCAGT,0.44,Core
1836,TGCTCATA,0.46,Core
1837,TGCTCATC,0.6,Core
1838,TGCTCATG,0.42,Core
1839,TGCTCATT,0.55,Core
1840,TGCTCTAA,0.45,Core
1841,TGCTCTAC,0.43,Core
1842,TGCTCTAG,0.42,Core
1843,TGCTCTAT,0.5,Core
1844,TGCTCTCA,0.44,Core
1845,TGCTCTCC,0.42,Core
1846,TGCTCTCG,0.41,Core
1847,TGCTCTCT,0.43,Core
1848,TGCTCTGA,0.49,Core
1849,TGCTCTGC,0.39,Core
1850,TGCTCTGG,0.4,Core
1851,TGCTCTGT,0.42,Core
1852,TGCTCTTA,0.45,Core
1853,TGCTCTTC,0.49,Core
1854,TGCTCTTG,0.41,Core
1855,TGCTCTTT,0.51,Core
1856,TGGTCAAA,0.5,Core
1857,TGGTCAAC,0.46,Core
1858,TGGTCAAG,0.46,Core
1859,TGGTCAAT,0.51,Core
1860,TGGTCACA,0.41,Core
1861,TGGTCACC,0.39,Core
1862,TGGTCACG,0.41,Core
1863,TGGTCACT,0.4,Core
1864,TGGTCAGA,0.46,Core
1865,TGGTCAGC,0.43,Core
1866,TGGTCAGG,0.4,Core
1867,TGGTCAGT,0.36,Core
1868,TGGTCATA,0.51,Core
1869,TGGTCATC,0.5,Core
1870,TGGTCATG,0.47,Core
1871,TGGTCATT,0.47,Core
1872,TGGTCTAA,0.45,Core
1873,TGGTCTAC,0.42,Core
1874,TGGTCTAG,0.38,Core
1875,TGGTCTAT,0.45,Core
1876,TGGTCTCA,0.48,Core
1877,TGGTCTCC,0.41,Core
1878,TGGTCTCG,0.42,Core
1879,TGGTCTCT,0.38,Core
1880,TGGTCTGA,0.43,Core
1881,TGGTCTGC,0.4,Core
1882,TGGTCTGG,0.45,Core
1883,TGGTCTGT,0.49,Core
1884,TGGTCTTA,0.42,Core
1885,TGGTCTTC,0.41,Core
1886,TGGTCTTG,0.49,Core
1887,TGGTCTTT,0.43,Core
1888,TGTTCAAA,0.47,Core
1889,TGTTCAAC,0.45,Core
1890,TGTTCAAG,0.52,Core
1891,TGTTCAAT,0.55,Core
1892,TGTTCACA,0.54,Core
1893,TGTTCACC,0.39,Core
1894,TGTTCACG,0.46,Core
1895,TGTTCACT,0.46,Core
1896,TGTTCAGA,0.5,Core
1897,TGTTCAGC,0.49,Core
1898,TGTTCAGG,0.45,Core
1899,TGTTCAGT,0.47,Core
1900,TGTTCATA,0.55,Core
1901,TGTTCATC,0.58,Core
1902,TGTTCATG,0.49,Core
1903,TGTTCATT,0.49,Core
1904,TGTTCTAA,0.5,Core
1905,TGTTCTAC,0.4,Core
1906,TGTTCTAG,0.42,Core
1907,TGTTCTAT,0.47,Core
1908,TGTTCTCA,0.48,Core
1909,TGTTCTCC,0.41,Core
1910,TGTTCTCG,0.45,Core
1911,TGTTCTCT,0.5,Core
1912,TGTTCTGA,0.53,Core
1913,TGTTCTGC,0.42,Core
1914,TGTTCTGG,0.47,Core
1915,TGTTCTGT,0.49,Core
1916,TGTTCTTA,0.52,Core
1917,TGTTCTTC,0.52,Core
1918,TGTTCTTG,0.43,Core
1919,TGTTCTTT,0.47,Core
2306,TTAAAAAA,0.52,Ablation
1920,TTATCAAA,0.64,Core
1921,TTATCAAC,0.62,Core
1922,TTATCAAG,0.68,Core
1923,TTATCAAT,0.65,Core
1924,TTATCACA,0.58,Core
1925,TTATCACC,0.53,Core
1926,TTATCACG,0.58,Core
1927,TTATCACT,0.61,Core
1928,TTATCAGA,0.48,Core
1929,TTATCAGC,0.56,Core
1930,TTATCAGG,0.49,Core
1931,TTATCAGT,0.58,Core
1932,TTATCATA,0.65,Core
1933,TTATCATC,0.64,Core
1934,TTATCATG,0.59,Core
1935,TTATCATT,0.63,Core
1936,TTATCTAA,0.54,Core
1937,TTATCTAC,0.54,Core
1938,TTATCTAG,0.46,Core
1939,TTATCTAT,0.55,Core
1940,TTATCTCA,0.63,Core
1941,TTATCTCC,0.56,Core
1942,TTATCTCG,0.57,Core
1943,TTATCTCT,0.54,Core
1944,TTATCTGA,0.57,Core
1945,TTATCTGC,0.41,Core
1946,TTATCTGG,0.52,Core
1947,TTATCTGT,0.54,Core
1948,TTATCTTA,0.47,Core
1949,TTATCTTC,0.6,Core
1950,TTATCTTG,0.58,Core
1951,TTATCTTT,0.51,Core
1952,TTCTCAAA,0.62,Core
1953,TTCTCAAC,0.51,Core
1954,TTCTCAAG,0.46,Core
1955,TTCTCAAT,0.57,Core
1956,TTCTCACA,0.5,Core
1957,TTCTCACC,0.46,Core
1958,TTCTCACG,0.52,Core
1959,TTCTCACT,0.5,Core
1960,TTCTCAGA,0.48,Core
1961,TTCTCAGC,0.51,Core
1962,TTCTCAGG,0.56,Core
1963,TTCTCAGT,0.5,Core
1964,TTCTCATA,0.55,Core
1965,TTCTCATC,0.63,Core
1966,TTCTCATG,0.54,Core
1967,TTCTCATT,0.53,Core
1968,TTCTCTAA,0.48,Core
1969,TTCTCTAC,0.46,Core
1970,TTCTCTAG,0.51,Core
1971,TTCTCTAT,0.42,Core
1972,TTCTCTCA,0.56,Core
1973,TTCTCTCC,0.43,Core
1974,TTCTCTCG,0.45,Core
1975,TTCTCTCT,0.48,Core
1976,TTCTCTGA,0.47,Core
1977,TTCTCTGC,0.48,Core
1978,TTCTCTGG,0.42,Core
1979,TTCTCTGT,0.5,Core
1980,TTCTCTTA,0.48,Core
1981,TTCTCTTC,0.53,Core
1982,TTCTCTTG,0.5,Core
1983,TTCTCTTT,0.47,Core
1984,TTGTCAAA,0.65,Core
1985,TTGTCAAC,0.63,Core
1986,TTGTCAAG,0.59,Core
1987,TTGTCAAT,0.63,Core
1988,TTGTCACA,0.61,Core
1989,TTGTCACC,0.6,Core
1990,TTGTCACG,0.55,Core
1991,TTGTCACT,0.53,Core
1992,TTGTCAGA,0.6,Core
1993,TTGTCAGC,0.44,Core
1994,TTGTCAGG,0.57,Core
1995,TTGTCAGT,0.52,Core
1996,TTGTCATA,0.71,Core
1997,TTGTCATC,0.58,Core
1998,TTGTCATG,0.49,Core
1999,TTGTCATT,0.63,Core
2000,TTGTCTAA,0.54,Core
2001,TTGTCTAC,0.51,Core
2002,TTGTCTAG,0.48,Core
2003,TTGTCTAT,0.5,Core
2004,TTGTCTCA,0.5,Core
2005,TTGTCTCC,0.5,Core
2006,TTGTCTCG,0.4,Core
2007,TTGTCTCT,0.44,Core
2008,TTGTCTGA,0.52,Core
2009,TTGTCTGC,0.46,Core
2010,TTGTCTGG,0.44,Core
2011,TTGTCTGT,0.56,Core
2012,TTGTCTTA,0.51,Core
2013,TTGTCTTC,0.52,Core
2014,TTGTCTTG,0.52,Core
2015,TTGTCTTT,0.55,Core
2307,TTTAAAAA,0.54,Ablation
2308,TTTTAAAA,0.52,Ablation
2016,TTTTCAAA,0.62,Core
2017,TTTTCAAC,0.51,Core
2018,TTTTCAAG,0.54,Core
2019,TTTTCAAT,0.61,Core
2020,TTTTCACA,0.53,Core
2021,TTTTCACC,0.49,Core
2022,TTTTCACG,0.52,Core
2023,TTTTCACT,0.49,Core
2024,TTTTCAGA,0.49,Core
2025,TTTTCAGC,0.51,Core
2026,TTTTCAGG,0.49,Core
2027,TTTTCAGT,0.51,Core
2028,TTTTCATA,0.53,Core
2029,TTTTCATC,0.58,Core
2030,TTTTCATG,0.55,Core
2031,TTTTCATT,0.63,Core
2032,TTTTCTAA,0.53,Core
2033,TTTTCTAC,0.49,Core
2034,TTTTCTAG,0.48,Core
2035,TTTTCTAT,0.5,Core
2036,TTTTCTCA,0.49,Core
2037,TTTTCTCC,0.44,Core
2038,TTTTCTCG,0.51,Core
2039,TTTTCTCT,0.47,Core
2040,TTTTCTGA,0.54,Core
2041,TTTTCTGC,0.53,Core
2042,TTTTCTGG,0.56,Core
2043,TTTTCTGT,0.5,Core
2044,TTTTCTTA,0.45,Core
2045,TTTTCTTC,0.52,Core
2046,TTTTCTTG,0.59,Core
2047,TTTTCTTT,0.52,Core
2309,TTTTTAAA,0.54,Ablation
2310,TTTTTTAA,0.52,Ablation
2311,TTTTTTTA,0.49,Ablation
2312,TTTTTTTT,0.51,Ablation
